County,FIPS,TYPE,e-2,b-2,d-2,e-5,b-5,d-5,e-10,b-10,d-10,e-25,b-25,d-25,e-50,b-50,d-50,e-100,b-100,d-100,e-1000,b-1000,d-1000
ANDERSON-Zone-1,48001,SSQ,0.791627149,50.74191788,11.12334127,0.78963807,67.61149431,11.69487692,0.789273342,81.38297976,12.11829618,0.789736527,101.3371232,12.70570108,0.790920954,118.0913798,13.15564827,0.792107165,136.7528786,13.74224552,0.793084436,186.6951696,15.68051463
ANDREWS-Zone-1,48003,SSQ,0.844341425,43.07939429,10.00659318,0.827948613,55.13331257,9.314425681,0.818328552,63.831612,8.945095925,0.806674717,74.54858811,8.535683905,0.797575335,81.6659702,8.217537957,0.788967095,88.68993784,7.964158457,0.774738145,107.7725801,7.781458264
ANGELINA-Zone-1,48005,SSQ,0.8031797,59.45391757,12.24083235,0.791416531,74.21035539,12.10218086,0.784305874,85.35575948,12.06347904,0.775858709,100.0494437,12.06976635,0.769509876,110.8560011,12.0545888,0.763471488,122.0704883,12.16878785,0.753194452,152.1907971,13.12712852
ARANSAS-Zone-1,48007,SSQ,0.835179841,78.46767075,15.2145415,0.802877097,88.48236922,14.63869696,0.783965546,95.6763825,14.23501393,0.761990752,104.0896643,13.69327103,0.745359667,108.6054594,13.12280776,0.730157782,113.3662861,12.7493689,0.707726242,132.5966452,13.41786622
ARCHER-Zone-1,48009,SSQ,0.795259947,41.80714061,9.45649796,0.791917104,54.93121676,10.00346478,0.789976254,65.15989966,10.37800382,0.787720257,79.20193746,10.87497597,0.786250026,90.23434109,11.27742487,0.784672743,101.9886097,11.72221518,0.780518315,132.4395966,12.77845447
ARMSTRONG-Zone-1,48011,SSQ,0.822936652,42.20734432,9.575714539,0.820847875,56.39775694,9.724909744,0.821618024,68.29265414,9.865349669,0.824706919,86.0419783,10.0923522,0.828917913,101.7772723,10.308061,0.832957548,118.9635699,10.5250239,0.836737539,159.0050579,10.87774758
ATASCOSA-Zone-1,48013,SSQ,0.843099873,66.50224709,13.06477178,0.823692936,82.12284185,13.38553301,0.811427166,93.10366465,13.52135015,0.796269529,106.3827789,13.63874476,0.784559505,115.0098469,13.55651668,0.772769073,123.1183036,13.70601318,0.750487994,144.7159845,15.58937708
AUSTIN-Zone-1,48015,SSQ,0.815330469,63.04733652,12.71577983,0.777905635,69.26789408,11.96095502,0.753332681,72.97343805,11.44331968,0.723302686,76.64156385,10.84399531,0.697682164,76.67759693,10.09874467,0.676798744,78.45153488,9.889493967,0.66625154,102.5442923,13.60754862
BAILEY-Zone-1,48017,SSQ,0.810218539,34.13542341,8.251126358,0.818472862,49.94779502,8.260740188,0.822193013,62.26945959,8.25864072,0.825480592,79.16747451,8.246472128,0.826756167,92.08224576,8.196086116,0.82855403,106.3336401,8.21227451,0.836767396,148.1918932,8.646941129
BANDERA-Zone-1,48019,SSQ,0.832232276,66.00551722,13.29422949,0.806752205,79.79517877,13.19496726,0.792208679,90.63428271,13.34765691,0.776085448,105.4426232,13.763805,0.764965661,116.9817773,14.25419566,0.754224266,128.9565507,14.8917813,0.733721475,159.289313,16.59103095
BASTROP-Zone-1,48021,SSQ,0.828597902,64.40876853,13.13914821,0.805556122,77.80489903,12.94679951,0.789910052,86.67892472,12.7731831,0.770026827,96.81879444,12.55011962,0.753778958,102.3277175,12.24174822,0.738140078,107.8833152,12.14649446,0.714147886,129.4454725,13.58957072
BAYLOR-Zone-1,48023,SSQ,0.798163128,41.38829585,9.541305607,0.794949771,55.03396372,9.843521683,0.792220188,65.23066022,10.04924298,0.788026807,78.50124368,10.3305594,0.78455901,88.3185822,10.57835179,0.780404721,98.08331473,10.81921522,0.769204792,121.0889093,11.1937237
BEE-Zone-1,48025,SSQ,0.842204932,70.99709399,13.89830818,0.809159529,80.63833115,13.14175846,0.789395387,87.53339006,12.71540239,0.766333615,95.78724646,12.26686889,0.748503279,100.2559413,11.82448512,0.732461592,105.2468412,11.64920184,0.711275578,126.7056342,13.03614108
BELL-Zone-1,48027,SSQ,0.814533031,54.90289866,11.73288616,0.805242332,71.28700421,12.0329762,0.800356865,84.24829128,12.37856376,0.795260011,102.3014236,12.98290826,0.792262197,116.7588922,13.54806561,0.789329142,132.5230732,14.30068036,0.782373277,175.0474956,16.64288668
BEXAR-PA-5,48029,SSQ,0.831152661,62.11419777,12.42715345,0.812655779,77.18507632,12.68013504,0.801886034,88.47340309,12.88692851,0.789446917,103.1706196,13.20260088,0.780628385,113.9246753,13.38642852,0.771670317,124.6652354,13.80214773,0.75317224,152.0493827,16.06937357
BEXAR-PA-4,48029,SSQ,0.828731527,61.3967171,12.38502703,0.809819472,76.39053199,12.57020414,0.79836485,87.3988794,12.73407746,0.784727968,101.4414585,13.00899289,0.774655696,111.3258062,13.18355281,0.764493565,121.208017,13.56251897,0.744474278,147.8440346,15.60966248
BEXAR-PA-3,48029,SSQ,0.826218717,60.93545344,12.41673267,0.806045961,75.53284988,12.50063422,0.793624339,86.16121233,12.61722944,0.778697686,99.60086758,12.85188297,0.767470982,108.8427788,13.02010658,0.756291486,118.193428,13.37990217,0.735482179,145.0712965,15.32498033
BEXAR-PA-2,48029,SSQ,0.823383451,60.68043682,12.45609127,0.80124966,74.62153228,12.39744503,0.787657175,84.79234745,12.44696472,0.7714598,97.69975531,12.62143713,0.759254406,106.5199736,12.7629373,0.747285499,115.591728,13.09408357,0.726146144,142.968285,14.95020274
BEXAR-PA-1,48029,SSQ,0.82015548,59.86063009,12.35414527,0.796811762,73.24025605,12.21765429,0.782733691,83.18051261,12.23851746,0.766276417,96.05220269,12.38965479,0.754097059,105.0990949,12.52223902,0.742197428,114.5217778,12.85092981,0.721096365,142.7261037,14.70912932
BLANCO-Zone-1,48031,SSQ,0.819722504,57.17430785,12.31779033,0.801907098,72.47383399,12.23353933,0.791818421,84.59803044,12.34489478,0.780688831,101.4727976,12.63585133,0.772884396,114.6046168,12.90501529,0.765630856,129.2909313,13.39665241,0.754186874,173.9778362,15.62325092
BORDEN-Zone-1,48033,SSQ,0.826697295,44.69949204,10.37486766,0.822707089,61.3867968,10.55111267,0.821071754,74.61790926,10.77808007,0.819839557,93.16085352,11.18651936,0.819464776,108.0242994,11.57563603,0.819364207,124.3460279,12.05989056,0.81955077,168.954329,13.35712913
BOSQUE-Zone-1,48035,SSQ,0.803199116,50.36435104,11.0859334,0.793686267,63.83353813,10.97974684,0.788570258,74.11409784,10.97392866,0.783042895,87.80204221,11.03515125,0.779321783,98.04867611,11.09495886,0.775880903,108.7260851,11.24264652,0.769612605,136.8325934,11.98612667
BOWIE-Zone-1,48037,SSQ,0.770218859,45.5733571,9.942121698,0.762710112,55.86340689,9.898792787,0.758314009,63.52103409,9.922806012,0.75317083,73.35949484,10.02414668,0.749586692,80.49621022,10.12124016,0.745961658,87.54184776,10.29932733,0.73779863,104.4061611,11.04232562
BRAZORIA-Zone-1,48039,SSQ,0.813356911,70.78839471,13.88541662,0.777044433,79.46901876,13.13966507,0.75817304,87.60305585,13.02303921,0.738809645,99.63413151,13.20108262,0.725828507,109.0282921,13.43752658,0.71531892,120.4347452,14.12148931,0.705619351,161.924579,18.09650218
BRAZOS-Zone-1,48041,SSQ,0.812623179,58.61447411,12.05397006,0.792456836,69.75397904,12.08247712,0.779114967,77.28165317,12.03028192,0.762035496,85.82345372,11.90199227,0.74809294,90.50235528,11.67167472,0.734821518,95.16147809,11.56488948,0.714474967,112.2043274,12.39934831
BRAZOS-Zone-2,48041,SSQ,0.815052971,59.88334498,12.31287165,0.790498448,69.86184617,12.13534971,0.773387592,75.96499786,11.90855959,0.750916385,82.01605673,11.5451461,0.731827165,84.07039064,11.08383755,0.714061956,86.31100052,10.7919314,0.690668544,100.9560275,11.6916475
BRAZOS-Zone-3,48041,SSQ,0.814404968,60.4594059,12.52717023,0.7865719,70.08573973,12.28515386,0.766984903,75.76668513,12.01774791,0.741587898,81.29927901,11.63598718,0.719700919,82.66766002,11.1097048,0.700126408,84.74156695,10.88569587,0.680248691,103.5526911,12.98180043
BREWSTER-Zone-1,48043,SSQ,0.842019034,34.04166923,7.832292892,0.846335188,46.74848109,7.876477681,0.848793074,56.36651789,7.907486749,0.851779229,69.10065513,7.954137325,0.853963149,78.61587291,7.970595799,0.856162163,88.3946233,8.033746347,0.861210582,113.4651999,8.437628152
BREWSTER-Zone-2,48043,SSQ,0.835325669,35.27603778,8.125937458,0.840787328,49.17486753,8.098096562,0.843671132,59.69668834,8.095083426,0.846870246,73.61370389,8.107988901,0.849269964,84.16695568,8.128003317,0.851163243,94.69065972,8.151570782,0.852916033,118.9661544,8.208460057
BREWSTER-Zone-3,48043,SSQ,0.84085214,38.30321796,8.643880433,0.843896786,53.20687917,8.674810225,0.845287161,64.38870703,8.69812633,0.846540507,78.98581962,8.73503458,0.84762523,90.01680032,8.783831779,0.847739712,100.5979292,8.801204407,0.843371758,122.5053743,8.657659591
BREWSTER-Zone-4,48043,SSQ,0.845300659,40.25946372,9.045030736,0.845327849,55.50189588,9.114226603,0.844966439,66.81177962,9.167077009,0.84404536,81.33037585,9.25016342,0.843524905,92.0771332,9.346017368,0.841975139,102.2315461,9.403336382,0.833538748,122.8184462,9.266482702
BREWSTER-Zone-5,48043,SSQ,0.855401978,45.93137844,9.952224936,0.850306888,63.11179475,10.27351516,0.847457018,76.12110781,10.52388999,0.844116276,93.3317705,10.91116312,0.841948561,106.3046368,11.28049919,0.83936574,119.5331654,11.64942881,0.831461305,151.9411789,12.21676089
BRISCOE-Zone-1,48045,SSQ,0.817164382,40.16707889,9.278348457,0.819166145,56.34189538,9.562609134,0.819990932,68.88798329,9.729763605,0.82055993,85.99603773,9.931024837,0.820606392,99.21333406,10.06151439,0.820861321,113.3819931,10.23056032,0.823080092,151.5650983,10.81191197
BROOKS-Zone-1,48047,SSQ,0.838916554,64.09730388,12.85921988,0.815603441,78.41854801,12.58372005,0.802407511,89.10787474,12.40343234,0.787499276,102.8984999,12.17717656,0.776090158,112.1413407,11.87081832,0.766433001,122.4164227,11.80113089,0.756629733,157.7743381,13.20762487
BROWN-Zone-1,48049,SSQ,0.809536207,48.29571299,10.33709918,0.80643185,64.13684627,10.72677822,0.804063668,76.19576312,11.09626953,0.800643697,92.2516241,11.72221863,0.797872979,104.4583268,12.28473977,0.795153024,117.3150442,13.06025553,0.790706744,151.5662855,15.64171973
BURLESON-Zone-1,48051,SSQ,0.819718952,60.85850611,12.58699444,0.791787219,70.01328573,12.14778963,0.772218585,75.35179611,11.76046209,0.746758629,80.36828973,11.22844996,0.725024068,81.46389608,10.62062526,0.705153387,82.97086887,10.24897882,0.681010589,97.43741189,11.39591027
BURNET-Zone-1,48053,SSQ,0.812741608,49.9651089,10.76497773,0.808266748,67.13517488,11.24386552,0.805357216,80.59534067,11.66765795,0.801713007,99.21505686,12.33019474,0.799233021,114.0083976,12.9253176,0.796415488,130.0681834,13.67756756,0.788583221,173.058141,15.84525065
BURNET-Zone-2,48053,SSQ,0.813856972,52.07706092,11.2114762,0.808208752,70.20515062,11.68841352,0.804802321,84.5724989,12.13008901,0.800815897,104.6990717,12.82781331,0.798172236,120.8593746,13.44896786,0.795405426,138.7678363,14.26319981,0.788975951,189.1092256,16.81002894
BURNET-Zone-3,48053,SSQ,0.813601112,53.24107598,11.52452665,0.804122821,70.75230786,11.81602516,0.798753257,84.72686821,12.13669712,0.792812596,104.4302876,12.66550877,0.788923321,120.3164868,13.12616912,0.78495913,137.9616136,13.77906982,0.776174602,187.7728656,16.08289013
CALDWELL-Zone-1,48055,SSQ,0.824190978,61.87791971,12.82657311,0.80378378,76.91692491,12.78269272,0.790723876,87.81956627,12.80403133,0.774877766,101.7026553,12.9015732,0.762629916,111.1713039,12.94090723,0.750657824,121.0444681,13.17602287,0.730433878,151.73327,14.95303679
CALHOUN-Zone-1,48057,SSQ,0.825181635,75.48808916,15.05765779,0.790745062,83.28477302,14.25511616,0.770874074,88.9837535,13.65411736,0.748066038,95.55455346,12.80737524,0.730779169,98.62294163,11.92722739,0.715816639,102.5171926,11.3463372,0.697928227,122.9286881,12.2071179
CALLAHAN-Zone-1,48059,SSQ,0.804276379,45.01501498,9.920350116,0.802421671,60.28475341,10.41358647,0.799146257,71.1178698,10.66633318,0.792764465,84.2260358,10.93658275,0.786417634,92.8223722,11.08286598,0.779311401,100.9977726,11.27200953,0.764462317,121.9692361,12.04122855
CAMERON-Zone-1,48061,SSQ,0.829880913,65.56897437,12.68646086,0.811407486,82.94211935,12.63017876,0.800377336,95.47170706,12.65064533,0.786984709,110.9162627,12.74702116,0.776184164,120.7403643,12.74434753,0.766744925,131.4407958,13.0203044,0.757287786,170.0188011,15.46229708
CAMP-Zone-1,48063,SSQ,0.785901261,49.03374472,10.55891688,0.775301973,59.52720661,10.54196691,0.769090355,67.37616243,10.55333061,0.761891836,77.53490339,10.59518438,0.756857292,84.93496274,10.61655617,0.751810817,92.2981183,10.70331398,0.740782047,110.237184,11.24200885
CARSON-Zone-1,48065,SSQ,0.819010837,40.38076508,9.337358486,0.827453872,58.27797223,9.831292235,0.8329953,72.93309933,10.11845428,0.840280789,94.32746599,10.46047134,0.846246794,112.4398721,10.7232726,0.85208852,132.4986457,10.95944944,0.862299388,184.4232758,11.29593678
CASS-Zone-1,48067,SSQ,0.782467578,48.45467526,10.39593307,0.769339768,57.68975945,10.16173146,0.760781033,64.17574636,10.01312184,0.749717143,71.81028791,9.833324598,0.741176189,76.70496069,9.672144625,0.732226513,81.06477009,9.556758596,0.712290414,90.9056062,9.596332751
CASTRO-Zone-1,48069,SSQ,0.817431844,36.9499318,8.557099627,0.821448356,51.9590545,8.815111342,0.823633924,63.67520999,8.942560552,0.82606573,79.80900037,9.066970212,0.827659479,92.40047909,9.143116334,0.829361797,105.9531184,9.206180301,0.833722036,142.3567452,9.297831384
CHAMBERS-Zone-1,48071,SSQ,0.806001143,67.76342519,13.20383315,0.77370457,80.67417597,13.1470889,0.753769739,89.60602498,13.09657213,0.730442712,100.5301123,13.0897403,0.712340741,106.8951987,12.95847217,0.695603687,113.9353852,13.1208638,0.67331749,143.7783814,15.78551276
CHEROKEE-Zone-1,48073,SSQ,0.78886903,49.86105758,10.76565171,0.787295426,66.92103754,11.32395356,0.786758905,80.71772908,11.74911713,0.78656975,100.4990808,12.35036503,0.786469808,116.5534751,12.78298024,0.787258872,135.062106,13.44512525,0.794016017,192.3234056,16.18634444
CHILDRESS-Zone-1,48075,SSQ,0.816667835,44.72980204,9.89935711,0.813682052,59.27434073,10.06312729,0.811767839,70.43293306,10.24864401,0.809312195,85.45617589,10.58070278,0.807449763,96.91899845,10.8846956,0.805597386,109.0533346,11.28538019,0.802116062,141.4243405,12.52228904
CLAY-Zone-1,48077,SSQ,0.792867051,42.44177262,9.380111399,0.789175748,55.26243987,9.697781179,0.787292394,65.36044781,10.00733409,0.785408949,79.38852585,10.52155256,0.784553977,90.66841105,11.02858518,0.783625828,102.7617164,11.59477771,0.779992008,133.3150115,12.74944841
COCHRAN-Zone-1,48079,SSQ,0.813401088,36.13192582,8.802176713,0.817296515,52.02263233,8.575543745,0.818071169,63.79897255,8.407712203,0.817395168,78.92436374,8.162603124,0.815644975,89.6553436,7.924599459,0.814061238,100.7019477,7.739813227,0.813587986,130.6732649,7.690542
COKE-Zone-1,48081,SSQ,0.82546263,48.4089269,10.94716726,0.812195368,60.92931901,10.61161314,0.803926376,70.05790793,10.4700518,0.793597514,81.50205872,10.36885226,0.78623423,89.75661024,10.35147397,0.77758963,97.17689095,10.32821198,0.7530104,110.7761696,10.09994459
COLEMAN-Zone-1,48083,SSQ,0.803239035,44.95061399,9.711821837,0.798849232,59.44460724,9.950304997,0.796016794,70.45652508,10.20158816,0.792312094,85.06341628,10.6443782,0.789682015,96.14939198,11.05461177,0.786678117,107.569674,11.59499746,0.778469764,136.0452036,13.24229404
COLLIN-Zone-1,48085,SSQ,0.780166613,46.0311267,10.06702578,0.772907125,57.77492647,10.30535372,0.768546144,66.51315915,10.47620112,0.763238572,77.7556266,10.71430978,0.759492058,85.95584073,10.8968682,0.755437189,94.03056622,11.13311014,0.745094402,112.9776264,11.88673625
COLLINGSWORTH-Zone-1,48087,SSQ,0.818672964,46.16338865,10.33039527,0.819741161,62.63518031,10.8861793,0.821290504,76.04160737,11.31373845,0.824184245,95.47445438,11.93975589,0.827410011,111.9448374,12.48131665,0.830407825,130.0309187,13.09693885,0.832992171,175.3337315,14.5553414
COLORADO-Zone-1,48089,SSQ,0.816094749,63.76704226,12.77278938,0.780281635,70.70788414,12.05161594,0.757466686,75.227899,11.59598918,0.72998655,80.15703118,11.09140349,0.706941927,81.45907202,10.4844007,0.688156465,84.25325131,10.33224135,0.676325001,107.4341339,13.19073915
COMAL-Zone-1,48091,SSQ,0.819493969,59.02061851,12.21516146,0.798049805,73.44089106,12.24009399,0.785832472,84.77147959,12.44331156,0.772266829,100.3428308,12.88295365,0.762786417,112.3029815,13.29046163,0.753876311,125.5248565,13.97605856,0.739298978,165.7746635,16.93165272
COMANCHE-Zone-1,48093,SSQ,0.808498917,49.30119041,10.42415845,0.80453843,65.05541753,10.91896211,0.801603485,76.83480885,11.30244799,0.797384982,92.13823201,11.89087969,0.793680817,103.2203823,12.35902131,0.790389193,114.9218888,13.04402469,0.787580879,148.7699702,15.69563811
CONCHO-Zone-1,48095,SSQ,0.804436131,43.83154275,9.948005965,0.798513384,57.36865235,10.1178349,0.793420865,66.98989365,10.21489664,0.785531316,78.67632179,10.34196958,0.778703035,86.53393327,10.4052776,0.771023971,93.82067135,10.54508248,0.753242528,110.6324036,11.29094027
COOKE-Zone-1,48097,SSQ,0.787678319,46.06021378,10.25672278,0.779072256,57.98251466,10.47797331,0.774279924,67.17842004,10.66488974,0.768979233,79.5957569,10.95007893,0.765663451,89.28072286,11.16883033,0.762075971,99.15657452,11.49712698,0.752248514,122.2556279,12.69466691
CORYELL-Zone-1,48099,SSQ,0.815925052,54.21137446,11.81368583,0.806858267,69.43809669,11.79925909,0.802255751,81.2935898,11.90731841,0.79760344,97.47280978,12.17422815,0.795077096,110.1952813,12.46674823,0.792260072,123.3889565,12.82660538,0.783030858,154.9848919,13.69619386
COTTLE-Zone-1,48101,SSQ,0.818122644,44.27978757,9.45790156,0.810304706,57.22711656,9.420861285,0.805664265,67.03337137,9.456588149,0.800106296,79.9958929,9.56596809,0.795839321,89.53964569,9.660099535,0.791946594,99.62442138,9.848429481,0.786401246,127.7668804,10.7239984
CRANE-Zone-1,48103,SSQ,0.879343242,52.93772473,11.51765295,0.860424072,65.62560741,10.76953162,0.848446707,74.18630027,10.34043515,0.832931863,83.65009216,9.840620788,0.820990308,89.28539697,9.464211815,0.808007368,93.58021482,9.099263067,0.77749949,101.0331246,8.40366105
CROCKETT-Zone-1,48105,SSQ,0.870924885,55.05156379,11.74609292,0.84961881,66.61413371,11.17456375,0.836035378,74.25588727,10.79829172,0.81852013,82.42172158,10.31616153,0.805055184,87.04949265,9.92520087,0.790553236,90.25931303,9.533131294,0.757118958,95.08989125,8.778507442
CROCKETT-Zone-2,48105,SSQ,0.857840875,54.84560154,12.04153796,0.837255418,66.39077352,11.24466325,0.823641646,73.97455528,10.75106815,0.805889453,82.14492754,10.15483828,0.791992527,86.62854556,9.65925509,0.777076707,90.05204633,9.234212987,0.743422255,97.6273416,8.810517639
CROCKETT-Zone-3,48105,SSQ,0.850961019,55.29872309,12.09503171,0.828727148,67.79774837,11.42046866,0.814946897,76.59142011,11.05856433,0.798062969,87.13840181,10.67455833,0.785273461,93.8629403,10.36333562,0.771990179,100.1151891,10.15672123,0.744010808,116.6848083,10.37734236
CROSBY-Zone-1,48107,SSQ,0.802668308,37.48463133,8.846945844,0.806910228,53.95662188,9.124669216,0.810557081,67.66896248,9.391063873,0.816145205,88.05297514,9.82240601,0.821046605,105.486971,10.22714194,0.826602976,125.7664645,10.67295446,0.839504545,184.7876886,11.59167022
CULBERSON-Zone-1,48109,SSQ,0.852555197,34.06514773,7.907521785,0.825332636,39.70823339,6.343387501,0.811263326,44.47689019,5.715786708,0.796301888,51.03751863,5.21092946,0.786231443,56.17785203,4.973698254,0.776521054,61.14408977,4.805235596,0.757011187,71.5203797,4.524969853
CULBERSON-Zone-2,48109,SSQ,0.86089426,39.48069905,8.970405194,0.828332328,45.96722395,7.598513342,0.810548973,51.04790072,6.901864348,0.791099507,57.70621037,6.185512737,0.776385864,62.1665311,5.646399205,0.76439014,67.0536862,5.273777985,0.751486925,82.14636126,5.170994085
CULBERSON-Zone-3,48109,SSQ,0.861222537,43.7330776,9.591856209,0.814491035,46.88767433,7.996374432,0.788415382,49.582705,7.046368308,0.759883007,53.0916399,5.968358406,0.737640558,54.68256308,5.06061597,0.721083299,57.42169166,4.46099546,0.710797723,71.70693365,4.509973087
DALLAM-Zone-1,48111,SSQ,0.82755528,36.03065239,8.320807199,0.836399389,52.9529596,8.919550538,0.840984916,66.36189037,9.285934799,0.845846953,85.12672558,9.744731982,0.849182922,100.174796,10.08830445,0.852142596,116.3869322,10.47175537,0.856904692,158.5521155,11.45328946
DALLAS-Zone-1,48113,SSQ,0.78944906,47.9309357,10.48557697,0.78112764,60.34175068,10.57304525,0.776002509,69.53366856,10.65667484,0.769648907,81.30564353,10.80027831,0.765114872,89.86973529,10.92562422,0.760028916,98.16816479,11.08956674,0.746366099,116.8626863,11.58008019
DAWSON-Zone-1,48115,SSQ,0.827753822,42.11434891,10.0498657,0.824860916,58.85028453,10.03044712,0.822361302,71.49259552,10.00379379,0.818619436,88.25533789,9.960760793,0.814930766,100.5348987,9.887129416,0.811816809,113.6954348,9.876145031,0.810050287,151.6799778,10.24074757
DE WITT-Zone-1,48117,SSQ,0.8314829,66.42327838,12.94737772,0.796630429,73.74027935,12.14901829,0.775532367,78.92320292,11.66141964,0.750793555,84.97603753,11.10625868,0.732026273,88.14732746,10.56662514,0.714429206,91.3264639,10.27747247,0.686230179,104.0513748,11.26749236
DEAF SMITH-Zone-1,48119,SSQ,0.823734968,38.65199059,8.616639589,0.825861007,53.4302891,8.830986357,0.827001671,64.98747972,8.995406291,0.828244353,80.94274336,9.236215145,0.829172901,93.54206394,9.445872672,0.829930204,106.970129,9.673769881,0.830608621,141.5446564,10.16967494
DELTA-Zone-1,48121,SSQ,0.776474712,47.0093088,10.19945968,0.769140256,57.8539592,10.23288727,0.765084554,65.9935411,10.29068935,0.760650112,76.58373677,10.41235158,0.758063376,84.5354385,10.53587392,0.75496399,92.18170364,10.68367475,0.744398909,108.1139665,11.01023716
DENTON-Zone-1,48123,SSQ,0.785571732,45.79192636,10.16297014,0.778803269,58.0313908,10.28100443,0.774457838,67.02353855,10.3588423,0.768836199,78.41671376,10.46651251,0.764547534,86.5196454,10.52545727,0.759951194,94.4199454,10.64797557,0.749208476,113.2527101,11.26236613
DICKENS-Zone-1,48125,SSQ,0.809399839,40.81301854,9.361697078,0.804331679,54.76042697,9.48846789,0.803097774,66.24545938,9.649918248,0.80346518,83.02504449,9.933555101,0.805001527,97.16276336,10.19762666,0.807100005,113.1057777,10.51774979,0.811618611,156.676754,11.34434157
DIMMIT-Zone-1,48127,SSQ,0.861651944,71.10359308,13.32358597,0.858052902,100.1364343,14.31058558,0.85549477,122.9015713,15.04160732,0.852116702,154.4451003,16.09107083,0.848740237,178.5160776,16.8980792,0.84707437,207.0568256,18.0973246,0.855688599,309.9600145,22.97860574
DONLEY-Zone-1,48129,SSQ,0.826353869,46.79551049,10.4735029,0.821885918,61.28766273,10.70357259,0.820745737,73.15550493,10.89531991,0.821066263,90.40086166,11.18183368,0.82281481,105.0814684,11.43964931,0.824441005,121.0273091,11.70853294,0.823947795,159.5823084,12.20826091
DUVAL-Zone-1,48131,SSQ,0.839499128,64.42117792,12.95475923,0.819690055,80.98555377,12.92569359,0.806527792,92.26140034,12.74206183,0.789901594,105.5898021,12.38302251,0.775895721,113.3045543,11.89758437,0.763405757,121.5673939,11.5926576,0.74908277,152.2800561,12.34052059
EASTLAND-Zone-1,48133,SSQ,0.802401677,45.4517588,9.923244904,0.799637186,60.68712357,10.45300274,0.797266232,72.07190505,10.83408252,0.79352781,86.84412522,11.38637979,0.790281298,97.59963644,11.84611834,0.786879655,108.7280222,12.41682669,0.780158221,138.5571669,14.11736242
ECTOR-Zone-1,48135,SSQ,0.875192235,50.64581202,11.19502225,0.855168589,63.03024778,10.24083937,0.843553579,71.77840561,9.748562774,0.829422484,82.04533241,9.214261675,0.818711866,88.5125653,8.821753233,0.80790336,94.28903969,8.48326029,0.785964557,107.9582106,8.034629841
EDWARDS-Zone-1,48137,SSQ,0.828461554,54.99166202,11.60315147,0.810268457,67.63697765,11.52827932,0.798865463,76.46218602,11.48181234,0.784493129,86.81512313,11.43816773,0.77364141,93.44547864,11.35743422,0.762001713,99.20391772,11.37658023,0.73499973,111.6517554,12.01799948
EDWARDS-Zone-2,48137,SSQ,0.827141151,55.36602599,11.76549372,0.81369085,72.34979022,11.85955798,0.80454931,84.4558496,11.94641294,0.792509806,99.34831649,12.10528097,0.783064254,109.4724733,12.20611908,0.772787667,119.0613595,12.43837581,0.749538912,142.4942203,13.69856164
EDWARDS-Zone-3,48137,SSQ,0.828456705,57.48310078,12.35998279,0.816877398,77.63462639,12.44719812,0.809921053,93.46947489,12.67740128,0.801785556,115.4083327,13.12200293,0.796386352,133.2121374,13.53071935,0.790109987,151.7504381,14.15668136,0.772818262,195.3981319,16.38914186
EL PASO-Zone-1,48139,SSQ,0.855399,28.32208612,6.984890607,0.845806542,39.14185881,6.479972457,0.838710777,46.90657051,6.143209569,0.829094608,56.66443542,5.715686664,0.82055621,63.17728924,5.338118152,0.812838029,70.08587311,5.039390472,0.804145982,91.9435447,4.920404626
EL PASO-Zone-2,48139,SSQ,0.84210137,27.14651428,6.763049993,0.84213574,40.03657885,6.621630118,0.840326199,49.74653499,6.486807173,0.836650699,62.62723977,6.283872229,0.832810928,72.17563629,6.086880459,0.828764636,82.17376628,5.91648773,0.821957148,109.1844102,5.781174116
ELLIS-Zone-1,48141,SSQ,0.790381551,48.03675532,10.38612066,0.783429613,61.81655937,10.61963838,0.779500837,72.39911416,10.84549047,0.77503263,86.63042004,11.22176314,0.772240487,97.61877498,11.56660914,0.769054577,108.964592,11.99508286,0.759299322,136.5228955,13.16461266
ERATH-Zone-1,48143,SSQ,0.802497859,48.77515941,10.67964427,0.795752971,63.31605855,11.14361131,0.791467746,74.07199714,11.42104269,0.785936484,87.83817866,11.75835554,0.781555266,97.63908842,11.95187794,0.777198734,107.5495266,12.26908793,0.769253231,133.7015105,13.73702864
FALLS-Zone-1,48145,SSQ,0.817456844,56.45129993,12.02064573,0.801946007,69.37465051,11.89314191,0.793150309,79.12303592,11.89577593,0.783124223,91.8070764,11.99111625,0.776554116,101.2839616,12.12477571,0.76917878,110.3805482,12.29746899,0.748079088,129.3871369,12.68586682
FANNIN-Zone-1,48147,SSQ,0.773359673,46.37132819,10.20672312,0.766007499,57.48060018,10.46223419,0.761901577,65.80970922,10.64535388,0.757318587,76.62874088,10.90372996,0.754406107,84.63905921,11.11531438,0.751293627,92.55064778,11.35655412,0.742717504,110.7683435,11.959938
FAYETTE-Zone-1,48149,SSQ,0.823978271,64.56489101,13.04472917,0.791865084,73.15658334,12.3473508,0.770168506,78.21576336,11.80615189,0.742956102,83.18205308,11.10972635,0.720346868,84.36273243,10.36386938,0.699816106,86.09896986,9.91702466,0.674559154,101.7062991,11.2255269
FISHER-Zone-1,48151,SSQ,0.818458796,45.43759025,10.10090349,0.81185389,59.7733566,10.32037155,0.80810125,70.70387575,10.52143181,0.803749732,85.28404216,10.84958199,0.80117895,96.62959497,11.18900037,0.7976765,107.7883766,11.50578347,0.78441776,130.9800028,11.80761525
FLOYD-Zone-1,48153,SSQ,0.807076528,37.84528427,8.79240853,0.813055602,55.08608443,9.296075361,0.816736674,68.94559084,9.558636282,0.82129432,88.68037897,9.835141514,0.825089924,104.9343548,10.02204186,0.828354507,122.5445389,10.18101847,0.831328268,166.8546416,10.39508
FOARD-Zone-1,48155,SSQ,0.804110804,42.8565698,9.413882772,0.797186852,55.29296115,9.539525166,0.793750415,65.08159326,9.745380035,0.790396939,78.63365054,10.14555807,0.788732439,89.53963464,10.58450846,0.787020102,101.0273685,11.05733361,0.781584942,128.8789915,11.88212154
FORT BEND-Zone-1,48157,SSQ,0.809715385,65.77356282,13.01939942,0.77345244,73.46988676,12.26393593,0.752507434,79.69312804,11.99382397,0.729068966,88.00372881,11.88044228,0.710049709,92.48725336,11.66246936,0.696502206,99.8274202,12.08641104,0.70106972,145.2520857,17.51086596
FRANKLIN-Zone-1,48159,SSQ,0.780161546,47.44184803,10.39108099,0.771359969,57.79144318,10.36080295,0.766656624,65.67699521,10.36550428,0.76176919,76.12717972,10.39641278,0.75888501,84.07538506,10.40950558,0.755951869,91.97242789,10.4883086,0.74821969,109.9252396,10.97749636
FREESTONE-Zone-1,48161,SSQ,0.794771492,50.35966606,10.86753686,0.793403877,67.72943,11.34841104,0.792432195,81.29952472,11.73946579,0.791124717,100.0033419,12.33345199,0.790193329,114.6777148,12.84219391,0.789249851,130.6951536,13.48967138,0.787435246,175.2958624,15.46464645
FRIO-Zone-1,48163,SSQ,0.848456096,66.6730065,12.75276861,0.836190294,87.19947792,13.56399909,0.828177912,102.1708548,14.07804106,0.817901741,121.1288216,14.75461126,0.809601874,134.2016197,15.16772163,0.801670949,147.8482709,15.9077385,0.790586469,190.27291,19.69441469
GAINES-Zone-1,48165,SSQ,0.827501157,40.89373043,9.757639584,0.819845055,55.3133839,9.563941735,0.814451631,65.81406524,9.407120296,0.807104349,79.09202575,9.17871325,0.800946074,88.38461132,8.956529364,0.794711884,97.59615142,8.772605341,0.783164753,121.1367908,8.675642078
GALVESTON-Zone-1,48167,SSQ,0.804831809,66.15407883,13.16624676,0.77553494,80.11785452,13.1823633,0.757559941,90.16222671,13.24231763,0.736720471,102.9912997,13.42036202,0.720240178,110.99361,13.44455747,0.706014432,120.5172696,13.86370303,0.693583281,161.9654806,17.6574747
GARZA-Zone-1,48169,SSQ,0.809203092,40.10688781,9.291565721,0.815376179,59.13434861,9.740354636,0.818667012,74.35112373,10.165201,0.822313242,95.90686515,10.87029545,0.824758449,113.250194,11.57236285,0.827940044,133.1844174,12.34216031,0.838366383,193.9275651,13.76075989
GILLESPIE-Zone-1,48171,SSQ,0.826792485,56.8051619,12.06633946,0.80461213,68.87596907,11.64519202,0.790372714,77.29834579,11.3610273,0.772880725,87.48697141,11.01563949,0.758714162,93.59121502,10.65246773,0.745774351,100.1525501,10.45939147,0.72893555,124.3989553,11.24571255
GILLESPIE-Zone-2,48171,SSQ,0.825029635,58.00543603,12.44084397,0.804246947,71.66044224,12.13428792,0.791478667,81.79095099,11.96929461,0.776457616,95.00590454,11.8059671,0.764877317,104.1564672,11.62159977,0.75414304,114.1061788,11.6009195,0.738816436,146.6432371,12.64999263
GILLESPIE-Zone-3,48171,SSQ,0.824347425,59.21687458,12.83652696,0.803241768,73.3801964,12.51054285,0.790211202,83.83950584,12.34723684,0.774826441,97.42846111,12.20162349,0.762964663,106.7942719,12.04258163,0.751842012,116.916223,12.04932359,0.735403157,149.9712452,13.16506199
GLASSCOCK-Zone-1,48173,SSQ,0.847592905,50.07976317,11.46420029,0.830775162,62.19426466,10.70158393,0.821182064,70.98019155,10.3014302,0.80979706,81.73160677,9.86277146,0.801247238,88.82501094,9.52201454,0.793019705,95.74144906,9.265681893,0.77801323,114.2286933,9.176221508
GOLIAD-Zone-1,48175,SSQ,0.835165548,69.95249369,13.74904012,0.795654759,75.38518927,12.43111911,0.773693418,80.17445513,11.79663881,0.74936628,86.41795519,11.20074428,0.731891833,90.3099166,10.7507935,0.715915308,94.31135103,10.53416222,0.69012934,107.7228374,11.28980626
GONZALES-Zone-1,48177,SSQ,0.824906415,61.89968055,12.47443046,0.799575795,73.8793943,12.06954909,0.782751812,81.83976459,11.80095611,0.761711553,90.95531347,11.49925422,0.74465521,95.84022232,11.15766346,0.728443123,100.8454145,11.03654902,0.704335269,120.9533799,12.38852422
GRAY-Zone-1,48179,SSQ,0.823960188,43.97940227,10.24325934,0.831367406,62.81316783,10.87398377,0.836476858,78.37055755,11.23907556,0.843310163,101.2496388,11.66100484,0.849198964,120.9565295,11.97354487,0.854609268,142.6299464,12.25662064,0.86158673,196.0095499,12.68660034
GRAYSON-Zone-1,48181,SSQ,0.777620076,44.98317584,9.907036668,0.770130755,56.61273834,10.16495469,0.766017456,65.54445317,10.38437305,0.761545067,77.55351921,10.72912034,0.758779923,86.84321205,11.02184756,0.755901007,96.34177805,11.40148067,0.748373007,118.9896498,12.55029284
GREGG-Zone-1,48183,SSQ,0.788860166,49.08427771,10.61530313,0.777191285,60.51744529,10.63649459,0.769496766,68.84607668,10.66826521,0.759667437,79.34608843,10.73940009,0.751849958,86.56021998,10.76335431,0.744167557,93.87969246,10.90015471,0.730701141,114.4858444,11.90530143
GRIMES-Zone-1,48185,SSQ,0.808031013,57.94872597,12.05179554,0.7879811,70.16220221,12.13067227,0.77472453,78.57444767,12.15715142,0.757927128,88.49431941,12.19239697,0.744080698,94.23339854,12.09993752,0.731314271,100.3323504,12.22785362,0.715047817,123.876692,14.17421372
GRIMES-Zone-2,48185,SSQ,0.81149956,59.89417928,12.4058752,0.787009202,71.37690834,12.37572523,0.770558308,78.99551491,12.33987266,0.749794316,87.67193615,12.32741925,0.732221964,91.91497158,12.14406137,0.716814057,97.05923006,12.32779361,0.703486857,124.5782331,15.63789768
GRIMES-Zone-3,48185,SSQ,0.812367816,61.05263655,12.48862259,0.783242141,71.40216192,12.30201836,0.763843677,78.21278821,12.20833412,0.739910491,86.02417046,12.18520884,0.719439333,89.35735984,11.97017068,0.702567365,94.39410071,12.27409945,0.696157948,129.5090729,17.21100857
GUADALUPE-Zone-1,48187,SSQ,0.824936883,60.30314045,12.36218605,0.804221072,74.77331271,12.44064894,0.791373523,85.47635959,12.57130424,0.776108145,99.36122484,12.83493183,0.764861167,109.3143256,13.04641834,0.753428388,119.4872658,13.44291471,0.730606447,147.7195541,15.35872411
HALE-Zone-1,48189,SSQ,0.809453131,36.18153035,8.727639873,0.817948245,53.30773248,8.974400552,0.823593531,67.43152293,9.140756727,0.831110707,88.21802322,9.368905832,0.837207973,105.8442172,9.553204074,0.843499485,125.8390589,9.751157584,0.856219668,181.076187,10.20469339
HALL-Zone-1,48191,SSQ,0.82012063,43.50358668,9.567880039,0.817275185,58.44282443,9.797261764,0.814808583,69.54297862,9.964027111,0.810918154,83.85320163,10.20700256,0.807048329,93.91472603,10.37583727,0.80378191,104.6436079,10.65070761,0.802362763,137.1398388,11.85146221
HAMILTON-Zone-1,48193,SSQ,0.813992121,51.90958492,11.16277795,0.805677273,66.6898212,11.41305648,0.800753395,77.70767328,11.60036098,0.794810151,91.94962357,11.878927,0.790265239,102.1695162,12.06766335,0.78605627,112.7231023,12.39316238,0.77970961,141.7047889,13.87458646
HANSFORD-Zone-1,48195,SSQ,0.823477368,39.5743172,9.302148461,0.831790583,56.96178815,9.826451803,0.836604193,70.77055456,10.105598,0.842322174,90.18164524,10.40571596,0.846691828,105.8849262,10.60719172,0.8506892,122.7084305,10.79534963,0.856852112,165.2168558,11.16157711
HARDEMAN-Zone-1,48197,SSQ,0.804419183,43.02930206,9.511042601,0.803012502,57.49225712,9.89087443,0.802626177,68.96022001,10.2337401,0.802666865,85.0487184,10.78447909,0.803355271,98.17504199,11.3146013,0.803882025,112.2482875,11.89772676,0.802677551,147.1901133,13.0810017
HARDIN-Zone-1,48199,SSQ,0.788924759,58.45377586,11.81202171,0.762305934,68.98709604,11.6889726,0.744952854,75.86458097,11.42629362,0.723532644,83.59635851,10.95409154,0.706889819,87.82699778,10.42085423,0.690255673,91.61966355,9.946905376,0.659164063,103.810835,9.714017647
HARDIN-Zone-2,48199,SSQ,0.791847321,60.1615523,12.06302325,0.760549621,69.96271958,11.83862267,0.740339592,76.23922314,11.5414244,0.715733385,83.18622926,11.07501698,0.696595088,86.65054384,10.56138522,0.677762403,89.83918043,10.12830128,0.644698529,102.4654047,10.1473353
HARDIN-Zone-3,48199,SSQ,0.796544222,62.92807547,12.43277872,0.763176714,73.12369715,12.28516565,0.741364914,79.37636694,12.012751,0.714632972,85.97688865,11.5743863,0.693581309,88.78461596,11.06758776,0.672920348,91.32985086,10.6418641,0.637949523,104.0616577,10.81019245
HARRIS-Zone-1,48201,SSQ,0.800429129,64.76497097,12.82851885,0.765221167,75.52047547,12.40644184,0.745799676,84.15428964,12.35453573,0.724718586,95.8918188,12.51187631,0.70905672,103.8088846,12.61733978,0.696271122,113.6760485,13.16415229,0.687806169,156.5886136,17.30690118
HARRISON-Zone-1,48203,SSQ,0.784022575,48.3776554,10.58961188,0.769303718,58.13506007,10.42472371,0.759957989,65.22496106,10.33624357,0.748412601,74.09543765,10.25303644,0.739460794,80.08540866,10.14450364,0.730829742,86.14324785,10.16315298,0.716028118,103.4977919,11.0189329
HARTLEY-Zone-1,48205,SSQ,0.830495389,38.16659419,8.536523474,0.831232687,52.38978728,8.804660283,0.832105838,63.64056808,9.036116361,0.833660814,79.4067926,9.402203177,0.835250152,92.09577464,9.742116379,0.836907857,105.844207,10.11102366,0.839749506,141.8326369,10.8671208
HASKELL-Zone-1,48207,SSQ,0.80772082,43.69363188,9.800873743,0.798786487,56.04633341,9.758970772,0.794001884,65.64914108,9.830934293,0.788880982,78.74294441,10.02587464,0.785860081,89.1438533,10.27172845,0.78241613,99.67582981,10.52234107,0.771734266,122.9846962,10.82735234
HAYS-Zone-1,48209,SSQ,0.820904324,59.80609116,12.81276481,0.803762446,76.62444801,12.75856365,0.795377315,90.9590325,13.12700458,0.787332126,112.2112756,13.94700596,0.782989316,130.5711217,14.83635005,0.779477702,152.1280197,16.10744074,0.774106486,216.1928475,20.23114792
HEMPHILL-Zone-1,48211,SSQ,0.825150769,44.30917001,9.958231702,0.828360247,60.84709958,10.38779098,0.829604333,73.38680339,10.6307868,0.830291464,89.97926688,10.90995468,0.830403145,102.4800531,11.10062529,0.830044255,115.1144121,11.30274294,0.827876054,145.4474598,11.80892667
HENDERSON-Zone-1,48213,SSQ,0.789439312,49.70581588,10.75929565,0.78506636,65.04208515,11.19887855,0.782872607,77.24534518,11.60320095,0.780762773,94.41640833,12.25146116,0.779815591,108.3260385,12.83681565,0.778902045,123.6571141,13.58072828,0.775942843,165.295764,15.7565063
HIDALGO-Zone-1,48215,SSQ,0.838458298,62.33560347,12.32181988,0.821536267,79.15053556,12.23287857,0.812328163,92.23030502,12.32885959,0.802234573,109.9652805,12.60243532,0.795151935,123.4680992,12.8576749,0.788781286,137.9853265,13.31824993,0.779175264,178.7525656,15.28155592
HILL-Zone-1,48217,SSQ,0.796466459,49.276263,10.75093389,0.787155273,62.60506317,10.63682925,0.782791691,73.20590986,10.71896414,0.77887247,88.01678528,10.99023465,0.777240383,100.0334978,11.31140717,0.77542085,112.6996959,11.72107347,0.768020953,142.988557,12.74266275
HOCKLEY-Zone-1,48219,SSQ,0.799995748,33.38952665,8.301524877,0.813114265,51.67537344,8.523153829,0.819850587,66.38879139,8.650471285,0.827097399,87.34657653,8.803446689,0.832029935,104.4433358,8.906517927,0.836737964,123.2463335,9.033890108,0.846048526,173.7534811,9.430583213
HOOD-Zone-1,48221,SSQ,0.786738869,43.97674044,10.05978574,0.780246482,56.74860922,10.11458828,0.776728564,66.43096381,10.19603929,0.772852996,79.23506484,10.35620605,0.77062136,89.0039596,10.51729408,0.767757428,98.64843778,10.70386145,0.75736823,119.7673638,11.11031969
HOPKINS-Zone-1,48223,SSQ,0.780924462,48.38463742,10.65265642,0.773456329,59.55067574,10.72539534,0.769356992,67.94678764,10.8048704,0.764917775,78.89849129,10.9502253,0.762283379,87.11120877,11.08045371,0.759290073,95.08954641,11.24808753,0.749878659,112.3278766,11.7164674
HOUSTON-Zone-1,48225,SSQ,0.796771646,54.20836997,11.66535755,0.792788637,71.39227095,11.81802117,0.791934955,85.80418551,12.07985187,0.792524356,107.2336393,12.56967293,0.794372383,125.9727973,13.03787321,0.796406272,146.9880156,13.65774894,0.798697491,200.8028343,15.46280583
HOWARD-Zone-1,48227,SSQ,0.837689107,47.93718177,10.92908955,0.825088021,61.84340641,10.70522736,0.817880608,72.14399853,10.61954559,0.809357176,85.30455202,10.56779108,0.803098055,94.6933025,10.53432005,0.796843598,103.9940106,10.56996852,0.784125514,127.087349,10.97840153
HUDSPETH-Zone-1,48229,SSQ,0.854336458,31.67231118,7.306068873,0.83149838,38.62048574,6.222636986,0.818128145,43.52831941,5.656576166,0.802037395,49.29644983,5.04118595,0.789716274,52.86078573,4.584472363,0.777833487,56.17192456,4.211677651,0.756482722,64.96849916,3.810290398
HUDSPETH-Zone-2,48229,SSQ,0.851859135,31.95618437,7.388093993,0.830968261,40.0953368,6.410486774,0.817998796,45.7813964,5.909358643,0.801827077,52.50539478,5.379913036,0.788956976,56.69169512,4.998839147,0.776434954,60.62211248,4.671803092,0.754949416,71.4182905,4.246958106
HUDSPETH-Zone-3,48229,SSQ,0.839248092,31.39024057,7.470506796,0.821180157,40.48623702,6.606866137,0.809729996,46.99300486,6.158795727,0.795465677,55.04413242,5.683287378,0.783558086,60.25093352,5.327282539,0.772947905,65.69997872,5.036884404,0.760844446,83.23968277,4.772916451
HUNT-Zone-1,48231,SSQ,0.780726809,48.11781336,10.59410151,0.772876695,59.70536243,10.88772867,0.768421042,68.38009696,11.09131216,0.76335312,79.62748076,11.36845635,0.760162034,87.97275348,11.58796241,0.756485371,96.11273695,11.8379629,0.745035453,114.0799721,12.4682891
HUTCHINSON-Zone-1,48233,SSQ,0.816489154,38.14950889,9.133431097,0.828644585,56.54135393,9.803803997,0.836161124,71.70838576,10.15686615,0.84555771,93.97132979,10.53256233,0.852872915,112.8535787,10.78653924,0.860074475,133.9939674,11.00490365,0.873534731,190.321156,11.33305279
IRION-Zone-1,48235,SSQ,0.834900964,48.41088386,11.18690196,0.821855261,60.80379196,10.72550884,0.813662281,69.71773373,10.46782117,0.803324456,80.68770395,10.17965209,0.795682983,88.2585526,9.961738374,0.787125682,95.17024913,9.775411583,0.765135082,109.7846574,9.539183381
JACK-Zone-1,48237,SSQ,0.788508692,41.97884196,9.574837222,0.779829967,52.92208474,9.333238882,0.774612171,61.22903121,9.306209396,0.768304653,72.19382315,9.411186929,0.764103296,80.66362353,9.633602277,0.759078725,88.81518675,9.823554191,0.743688265,105.0537634,9.723102362
JACKSON-Zone-1,48239,SSQ,0.82104888,71.19858163,14.19130593,0.783504701,76.95752792,13.09243684,0.761840222,81.46058427,12.46559252,0.737079108,86.81249936,11.76668969,0.718257158,89.27724306,11.1282912,0.701950864,92.43762466,10.76802667,0.682099576,109.0783942,11.74287361
JASPER-Zone-1,48241,SSQ,0.792418795,57.81029498,11.74826608,0.772925851,68.93642243,11.52650489,0.760060243,76.34360195,11.29328745,0.743434578,84.50210145,10.9121276,0.730251082,89.01510805,10.51120934,0.716873646,92.91839436,10.16530432,0.690507915,103.8864415,9.985912902
JASPER-Zone-2,48241,SSQ,0.787479636,58.03742046,11.93110641,0.764789225,68.501612,11.78296696,0.750223237,75.55293074,11.5514199,0.732118059,83.58128577,11.13148587,0.718219011,88.24858194,10.67404039,0.704126016,92.40341898,10.25142068,0.67591436,104.0393717,9.883142925
JASPER-Zone-3,48241,SSQ,0.785256292,58.09233271,11.93360293,0.760875249,68.63855174,11.81052909,0.74587278,76.11191587,11.66949027,0.727964169,85.2128118,11.4428518,0.71469687,91.10062194,11.18474234,0.7012454,96.64832819,10.97763811,0.673856286,111.6145799,11.08628389
JASPER-Zone-4,48241,SSQ,0.786523153,59.67926023,12.08304105,0.759937548,70.39717586,11.96341421,0.743608161,77.96232997,11.86437357,0.724160519,87.13057388,11.74358924,0.709652351,92.91128026,11.59353413,0.695068605,98.43850849,11.51814641,0.66658218,114.696794,12.02432565
JEFF DAVIS-Zone-1,48243,SSQ,0.830754792,34.74307712,8.047905533,0.82995984,46.95037413,7.381696729,0.828738059,55.99834824,7.048804278,0.826309357,67.58800828,6.695111732,0.824021804,76.05516236,6.449262979,0.821370753,84.2949324,6.245504656,0.815026229,103.002237,5.974866244
JEFFERSON-Zone-1,48245,SSQ,0.80036298,67.12159222,13.28280126,0.771794015,80.2163147,13.46876273,0.751956614,88.32355972,13.43179436,0.727068779,97.21641533,13.32991152,0.706766276,101.3769978,13.04969813,0.687196549,105.570114,12.98725782,0.658157336,126.0454851,14.90645897
JIM HOGG-Zone-1,48247,SSQ,0.840471861,62.25657059,12.79525023,0.827744214,82.06813408,13.12602598,0.819687811,96.80446915,13.1894512,0.809870036,116.1283814,13.13582767,0.801151731,129.3457992,12.83232692,0.794712964,144.7100472,12.82589789,0.79569377,200.8484092,14.89475289
JIM WELLS-Zone-1,48249,SSQ,0.840572094,68.88840673,13.90678544,0.809789751,79.59424106,13.07329583,0.791528483,87.24406951,12.60265231,0.770185808,96.41772935,12.09275366,0.753495616,101.4723328,11.62575588,0.738779391,107.2093328,11.37429264,0.72107778,131.5152605,12.23913842
JOHNSON-Zone-1,48251,SSQ,0.7852829,45.09467729,10.311711,0.779931371,58.51027355,10.37559454,0.777247898,68.89174879,10.46924574,0.774601116,83.012018,10.64815015,0.773218669,94.01556173,10.81453255,0.771682445,105.4617667,11.03210596,0.766581209,133.5993587,11.66200664
JONES-Zone-1,48253,SSQ,0.807181324,43.7032389,9.685094571,0.800354673,57.07680435,9.841424465,0.79580102,67.01305568,9.958897941,0.789790872,79.84690976,10.13242381,0.785402429,89.38529271,10.30188356,0.780034641,98.49814682,10.45021768,0.76408806,117.4794462,10.5475229
KARNES-Zone-1,48255,SSQ,0.84501963,68.39994755,13.23354452,0.815553067,79.01116967,12.93456016,0.796878608,86.11584846,12.62029096,0.774390341,94.32147066,12.14271736,0.757387198,99.11498229,11.57404445,0.740305864,103.1935451,11.21434884,0.70703508,114.16866,11.86011064
KAUFMAN-Zone-1,48257,SSQ,0.787130366,48.83914228,10.55457548,0.778913401,61.60703426,10.80681018,0.774091304,71.28094942,11.04637788,0.768414251,84.04377239,11.44793156,0.764625667,93.67042882,11.81468962,0.760490762,103.4627648,12.28193838,0.749316438,127.2481656,13.64279455
KENDALL-Zone-1,48259,SSQ,0.823183537,60.60241777,12.69247396,0.797707756,73.12039106,12.39417883,0.782836417,82.68198663,12.31649807,0.766017297,95.41495327,12.34016906,0.753882021,104.6591382,12.37560005,0.742239437,114.4212656,12.57801668,0.721790497,142.9795437,13.94151478
KENEDY-Zone-1,48261,SSQ,0.837799805,68.53231816,13.36729037,0.810396623,81.17826111,13.14535017,0.795346485,90.77797207,12.94205813,0.778743472,103.1465739,12.61414569,0.766943113,111.6218332,12.18406265,0.756155478,120.5197852,11.96725303,0.73894723,147.7138253,13.00477691
KENT-Zone-1,48263,SSQ,0.822190436,44.44129469,10.1767024,0.812983464,58.47303355,9.999333803,0.809936488,70.14147947,10.10330352,0.808739101,87.27479566,10.44910666,0.809998089,102.1536514,10.89982724,0.811094848,118.2596755,11.3742083,0.808116961,155.6374309,12.01862343
KERR-Zone-1,48265,SSQ,0.824763198,56.45712396,12.15693751,0.802308348,68.17110124,11.84143065,0.788052045,76.21929108,11.61449502,0.770394585,85.62845053,11.32638698,0.756247501,91.10845613,10.98953492,0.742921661,96.55258608,10.8364198,0.722586497,114.7859875,11.76048592
KERR-Zone-2,48265,SSQ,0.82837529,59.80194044,12.57784894,0.803287705,71.89833928,12.18353786,0.787599627,80.39042631,11.94287691,0.768707543,90.71328101,11.6828682,0.753900986,97.07608059,11.41312447,0.739986163,103.5994871,11.30617724,0.718838319,125.4165043,12.18326924
KERR-Zone-3,48265,SSQ,0.829865314,62.3600615,13.0409717,0.802938087,74.31744634,12.61342868,0.786887482,83.32940769,12.45097216,0.768532152,95.18917916,12.37549425,0.754907276,103.5560826,12.34229315,0.742174196,112.3638466,12.4558608,0.722046206,138.7950424,13.48038994
KIMBLE-Zone-1,48267,SSQ,0.824862145,52.11750074,11.23288536,0.803925608,61.81659913,10.97003043,0.791891327,69.00280763,10.829627,0.778053714,78.03991297,10.68383475,0.768477431,84.4520087,10.51925666,0.758510787,90.3235282,10.49056835,0.735411847,102.7780333,11.15746832
KIMBLE-Zone-3,48267,SSQ,0.824233525,54.47394358,11.89196171,0.802146718,65.01584322,11.41821617,0.788478116,72.44020514,11.14582563,0.77181095,81.30055474,10.85039923,0.758625188,86.65280091,10.54582648,0.7464173,92.07499121,10.4345658,0.728432962,109.8971222,11.39619904
KING-Zone-1,48269,SSQ,0.821126389,45.97479769,10.07170937,0.811244771,58.90719771,9.971500269,0.805582742,68.72553829,9.977421206,0.799034955,81.72509979,10.05792419,0.79404661,91.29582766,10.13248405,0.789738374,101.4233159,10.30683391,0.784663944,129.6547031,11.15985952
KINNEY-Zone-1,48271,SSQ,0.841781822,62.2314029,13.06676411,0.832822082,86.57546224,13.2680551,0.826261326,105.7821114,13.60515921,0.817952932,132.685518,14.19799871,0.811799221,154.8452609,14.73573399,0.804995425,178.3187785,15.54978779,0.789571013,235.4247858,18.3859327
KLEBERG-Zone-1,48273,SSQ,0.837689951,70.57191434,14.04041861,0.805469093,80.27000497,13.14183322,0.788721857,88.61910645,12.76220817,0.771303065,100.2975462,12.45264661,0.7596109,109.0233322,12.224895,0.74937148,118.5951407,12.20912674,0.734039813,147.5616015,13.30593687
KNOX-Zone-1,48275,SSQ,0.806546209,42.83586066,9.651967947,0.797777185,55.04445433,9.630726996,0.792878973,64.49163796,9.710899471,0.787408085,77.31196286,9.91114486,0.783758948,87.33046897,10.14519339,0.780080252,97.65514591,10.4095441,0.771735014,122.4377089,10.92603408
LA SALLE-Zone-1,48277,SSQ,0.851336929,67.42099094,13.32771255,0.84340718,91.3902336,13.9128214,0.837092684,108.653974,14.25834807,0.82799307,130.2235494,14.70182286,0.819930024,144.7945125,14.97075431,0.812041792,159.7408612,15.43018345,0.800396558,204.2696755,17.64653988
LAMAR-Zone-1,48279,SSQ,0.771720924,45.48239721,9.816496532,0.764207242,55.76652649,9.799675421,0.760228105,63.58312203,9.832036968,0.756152316,73.93023579,9.927609913,0.753986516,81.85130127,10.03148282,0.75142144,89.60418091,10.16641716,0.742319234,106.1720687,10.51230758
LAMB-Zone-1,48281,SSQ,0.80863151,34.747579,8.436986254,0.818211308,51.44585781,8.606116503,0.823489012,64.81377883,8.70619995,0.829504266,83.77759748,8.828731856,0.83380517,99.20721526,8.919181575,0.837994931,116.0569071,9.014113777,0.846279342,160.530051,9.235263625
LAMPASAS-Zone-1,48283,SSQ,0.813044169,50.1524109,10.79736356,0.807931637,66.27144683,11.1331248,0.80480572,78.71914944,11.44606076,0.800996983,95.61129656,11.95718928,0.798391379,108.7343457,12.42067101,0.795548,122.6223085,13.00854851,0.788134978,158.52255,14.69725361
LAVACA-Zone-1,48285,SSQ,0.82283135,65.90199338,12.95607731,0.790090008,74.32955442,12.1618786,0.769452446,79.91032799,11.66464432,0.744488466,86.05297525,11.09650765,0.724204053,88.48514792,10.51173575,0.706423442,91.67089231,10.23397535,0.686754476,110.8470298,11.74617707
LEE-Zone-1,48287,SSQ,0.825593594,62.23871567,12.7794423,0.799225556,72.87169654,12.42058074,0.780935972,79.38444209,12.08858246,0.75735992,86.06124627,11.62518217,0.737920114,88.74676739,11.10372817,0.719083574,91.25816872,10.76098905,0.689144828,104.1554153,11.51850907
LEON-Zone-1,48289,SSQ,0.799885789,53.05111907,11.13889278,0.796378031,69.90667192,11.48740452,0.794870059,83.49709575,11.84517215,0.793759627,102.9115085,12.44000622,0.793724666,119.0756512,13.00566299,0.793649309,136.7830959,13.68809565,0.791628382,182.112288,15.39833656
LIBERTY-Zone-1,48291,SSQ,0.801974793,64.60314562,12.72896947,0.766738698,75.06237789,12.3714197,0.745854693,82.64201938,12.23262898,0.721901693,92.09448856,12.19181605,0.703737134,97.73834952,12.10663301,0.687104214,104.0754117,12.31735499,0.664732594,130.6456378,14.91094854
LIMESTONE-Zone-1,48293,SSQ,0.803183192,52.38180761,11.31697839,0.79444264,67.01892008,11.50527147,0.789550507,78.26393988,11.67458252,0.784077339,93.39809596,11.94170193,0.780731273,105.1619052,12.17770902,0.776706038,117.0398027,12.46217827,0.763473316,143.8811506,13.18827127
LIPSCOMB-Zone-1,48295,SSQ,0.818195813,40.49265916,9.206997853,0.818425319,54.65028123,9.403806377,0.818480722,65.47827725,9.567499652,0.818448899,80.00682791,9.82732201,0.818477349,91.14536313,10.04377649,0.818308085,102.6017799,10.32146214,0.817147778,130.8533804,11.16835799
LIVE OAK-Zone-1,48297,SSQ,0.847798689,69.5666619,13.76268441,0.818759288,81.32865529,13.19036418,0.799835987,88.83246607,12.75116552,0.776370808,96.92914645,12.18176241,0.757204388,100.4827857,11.57766651,0.739606862,104.2898055,11.20589621,0.715903957,123.1021561,12.07544896
LLANO-Zone-1,48299,SSQ,0.819973596,51.45650386,11.15690165,0.804462848,64.95780393,11.10695645,0.795160345,75.35515726,11.17523676,0.784370567,89.43264767,11.36256548,0.776455981,100.0230643,11.51588105,0.768850184,111.5358773,11.84779379,0.756002791,145.7208776,13.56695203
LOVING-Zone-1,48301,SSQ,0.852399683,40.13078295,9.556872198,0.844488176,55.51676054,9.160284378,0.838708201,66.42204613,8.915378212,0.830442707,79.63964518,8.606517739,0.823211341,88.33361845,8.339417644,0.816066756,96.68167681,8.115513738,0.803818817,118.1171442,7.91537206
LUBBOCK-Zone-1,48303,SSQ,0.802434141,35.84540153,8.696872564,0.815429382,55.14594144,9.167911317,0.822533793,70.89109916,9.509889318,0.830684086,93.73219579,10.00188284,0.836474127,112.63728,10.44219599,0.842500477,134.2259224,10.88772947,0.856263782,196.9369173,11.63332386
LYNN-Zone-1,48305,SSQ,0.811362435,39.50651477,9.434405568,0.822305202,60.34621071,9.888477545,0.826545454,76.37092823,10.21540798,0.829415123,97.84777144,10.69012986,0.829881984,113.7469337,11.1244758,0.830655743,131.2427171,11.56197898,0.83708121,184.962986,12.23057627
MADISON-Zone-1,48307,SSQ,0.801304326,54.82938599,11.51498422,0.790396151,69.52737628,11.68118341,0.78411596,80.90323857,11.88185071,0.77697365,96.34144862,12.23600327,0.77208287,108.316911,12.55657216,0.767202737,120.8799657,12.9992789,0.756879849,153.0617216,14.45469766
MARION-Zone-1,48309,SSQ,0.782940829,48.20800161,10.51707489,0.767826071,57.20502694,10.17687532,0.758081894,63.55473107,9.964742279,0.745725544,71.11409755,9.71021717,0.73630453,76.00957645,9.494418887,0.726476656,80.44230278,9.326958367,0.704766304,90.7887404,9.272444347
MARTIN-Zone-1,48311,SSQ,0.842385587,45.4707407,10.36622485,0.829880539,59.43954694,9.885758165,0.82259641,69.71942384,9.672392526,0.813764317,82.73994363,9.485175427,0.806750099,91.72516829,9.343963993,0.800369862,100.9152923,9.302290313,0.791313301,126.5378242,9.711628962
MASON-Zone-1,48313,SSQ,0.818247606,49.21157293,10.55692377,0.801898612,60.65499876,10.23267103,0.791614362,68.90446634,10.09331225,0.778781322,79.07570952,9.992116168,0.768535036,85.72165758,9.895427462,0.758891048,92.52728055,9.949508521,0.744215418,113.3378423,10.95783163
MASON-Zone-2,48313,SSQ,0.819967524,50.74600158,11.06330326,0.800805942,61.78818773,10.66503876,0.788803429,69.74592483,10.48473119,0.774080129,79.59556615,10.34603826,0.762386075,85.9436884,10.21160047,0.751525752,92.60971887,10.25581052,0.735887392,114.4677187,11.43929011
MASON-Zone-3,48313,SSQ,0.824773335,53.01055229,11.42528892,0.802778696,63.99305796,11.04628223,0.789276336,72.01218622,10.85153475,0.773221324,82.16985317,10.66742894,0.760816434,88.88512183,10.47732413,0.749281019,96.05409208,10.45839481,0.732330291,119.8507713,11.53171998
MATAGORDA-Zone-1,48315,SSQ,0.81970658,73.39452124,14.10358667,0.787221864,83.48281831,13.8228295,0.768643908,90.84026558,13.58688167,0.74737223,99.60968438,13.22446422,0.731418762,104.4921462,12.7487467,0.717059797,109.8278635,12.51043823,0.697012946,131.5570697,13.81120771
MAVERICK-Zone-1,48317,SSQ,0.86083726,71.60188473,13.69707391,0.857528052,102.6551369,14.71240096,0.852888936,126.1105376,15.36634654,0.845602439,157.6309539,16.22064852,0.838397822,181.0123475,16.82079092,0.831747973,206.7290513,17.70585119,0.826208056,287.1202485,21.24554046
MCCULLOCH-Zone-1,48319,SSQ,0.812446295,47.04736857,10.22667302,0.801534266,59.71046921,10.14579928,0.794854552,69.17085269,10.1842212,0.786649458,81.42168133,10.33373276,0.780455108,90.28389197,10.47576577,0.77429351,99.34779254,10.75121649,0.76251302,123.4464467,11.99407818
MCLENNAN-Zone-1,48321,SSQ,0.818387678,55.73988105,11.95443028,0.799689088,67.08912398,11.32471033,0.791113546,76.60028532,11.19151678,0.78354516,90.26231655,11.29334693,0.780256712,101.7292616,11.56796083,0.77685795,113.6680279,11.91342519,0.764396615,139.9108464,12.51577218
MCMULLEN-Zone-1,48323,SSQ,0.85059332,68.97815717,13.6734835,0.831164377,86.24691926,13.78878442,0.816618312,96.87957854,13.64516688,0.796606558,107.7130239,13.29796531,0.77910902,112.3092508,12.8045105,0.762322025,116.5319093,12.44172566,0.737658609,135.4650948,12.92724253
MEDINA-Zone-1,48325,SSQ,0.836370546,63.37400718,12.38353064,0.820113203,80.57307777,13.05060851,0.810409628,93.27984345,13.44149936,0.798880081,109.6113581,13.90250427,0.790379139,121.2845829,14.08601531,0.781800548,132.9855746,14.57707382,0.765580279,164.6426374,17.66819877
MEDINA-Zone-2,48325,SSQ,0.832163031,62.86709486,12.39769686,0.813824708,79.19397721,12.87741877,0.803014192,91.38168645,13.22065208,0.790398012,107.2391951,13.70520748,0.781209148,118.7814339,14.00217892,0.772156839,130.5085562,14.58532554,0.755615207,162.1218028,17.54903416
MEDINA-Zone-3,48325,SSQ,0.829803053,63.46848689,12.6539108,0.808952636,79.23940346,12.91375829,0.796885875,91.39272112,13.23923923,0.783254981,107.7943034,13.82446172,0.773671201,120.4369666,14.36792434,0.764425005,133.5940494,15.14181164,0.747392588,167.6024407,17.7492845
MENARD-Zone-1,48327,SSQ,0.814602206,47.34247706,10.32572173,0.801261733,59.11973164,10.40553001,0.792679236,67.50688258,10.40416037,0.78172768,77.72657536,10.35106831,0.77355393,84.74297704,10.22836067,0.764407228,90.96604126,10.17444868,0.741320653,103.3490101,10.51389934
MIDLAND-Zone-1,48329,SSQ,0.869763937,52.47621666,11.58734226,0.845555539,62.93774041,10.47747019,0.832661979,70.6611106,9.951926019,0.818059841,79.94019506,9.429274964,0.807820969,85.99528286,9.07743731,0.797516317,91.43218144,8.793890719,0.775083095,103.7417594,8.466139998
MILAM-Zone-1,48331,SSQ,0.821368374,59.44962022,12.30912259,0.801824993,71.48934024,12.16819695,0.78953356,80.05657939,12.12145372,0.774341349,90.42164806,12.12028336,0.762849568,97.18863929,12.11422376,0.751023888,103.5559825,12.20649779,0.726240441,120.0326668,12.99043297
MILLS-Zone-1,48333,SSQ,0.813373237,49.52710744,10.53912204,0.808713808,65.24416577,11.0135046,0.805439049,77.14709228,11.39525445,0.80099459,92.91158883,11.98425084,0.797263634,104.6336717,12.47140742,0.793915264,117.1506168,13.1493171,0.790416595,152.8592189,15.55699542
MITCHELL-Zone-1,48335,SSQ,0.831698512,48.30806275,10.76226638,0.821410382,62.71024438,10.81575316,0.815304944,73.45658172,10.89647815,0.807924721,87.37819438,11.05394927,0.80260034,97.60376588,11.20442685,0.796919924,107.7199988,11.3977376,0.783404044,131.6122038,11.94320482
MONTAGUE-Zone-1,48337,SSQ,0.788778394,43.96029333,9.82280582,0.78352073,56.72268885,10.00030588,0.77948281,66.04415733,10.14814754,0.773530744,77.76326868,10.38638112,0.768384296,85.88453343,10.59624613,0.763107391,94.07345005,10.85813661,0.753216109,116.198143,11.62413885
MONTGOMERY-Zone-1,48339,SSQ,0.811920749,61.82712779,12.53612837,0.785221079,74.02843032,12.54717609,0.767711305,82.4439728,12.61249038,0.746393669,92.67698923,12.81525487,0.728598265,98.30929839,12.85706047,0.713637702,105.4857838,13.34616723,0.704949167,142.9224702,17.77725452
MONTGOMERY-Zone-2,48339,SSQ,0.813277482,65.29586289,13.1515572,0.780073504,75.89694456,12.81999431,0.759013158,83.2069746,12.69022713,0.734098394,92.10997687,12.67666969,0.713197493,96.32945022,12.49173245,0.696672716,102.8392209,12.88307839,0.693487422,145.5570751,18.18192757
MONTGOMERY-Zone-3,48339,SSQ,0.807479382,65.36752613,13.14428751,0.772609315,75.62906762,12.66023245,0.750439526,82.42594617,12.3515986,0.724098264,90.37689163,12.04493392,0.701605393,93.39319975,11.53455352,0.684091078,98.85485455,11.616979,0.682039017,140.4962402,16.43768188
MOORE-Zone-1,48341,SSQ,0.815848557,36.11114132,8.206575139,0.823957363,51.95819936,8.797377091,0.82963934,65.0656484,9.21074517,0.837554894,84.49034313,9.787064316,0.844079816,101.0539862,10.25784103,0.851146237,120.1179447,10.79467307,0.867129954,174.7459743,12.16374585
MORRIS-Zone-1,48343,SSQ,0.786002319,49.74118824,10.3839174,0.775543317,60.0403742,10.27300379,0.768386493,67.31352185,10.17385106,0.758833123,76.02849595,10.02071628,0.751010352,81.65109252,9.841060898,0.743241784,86.99145609,9.731948113,0.72890358,100.8713463,9.988160806
MOTLEY-Zone-1,48345,SSQ,0.807907334,39.78989704,8.875323264,0.806240938,54.44179982,9.218955051,0.804748388,65.49027347,9.402616449,0.802356673,80.03152454,9.602051548,0.800087077,90.71606381,9.713733328,0.797903419,101.8867052,9.866762741,0.794914732,132.2230616,10.47927208
NACOGDOCHES-Zone-1,48347,SSQ,0.801182465,57.15614367,12.26989289,0.79108341,72.15690388,12.41828455,0.784555697,83.40556365,12.55640165,0.776393041,98.15274855,12.782424,0.769077999,108.2900385,12.85862484,0.763803206,120.1400633,13.23595868,0.766429569,164.2874446,15.99910541
NAVARRO-Zone-1,48349,SSQ,0.792004547,49.00479623,10.46662149,0.785654008,63.96856966,10.95760941,0.7823206,75.70614167,11.3567281,0.778858313,91.93186932,11.95867479,0.77679684,104.6935424,12.44521015,0.774928938,118.694832,13.12882611,0.771714721,158.5389141,15.6546386
NEWTON-Zone-1,48351,SSQ,0.791005017,56.899571,11.65037996,0.769925259,66.96015158,11.57178351,0.756733376,73.90225282,11.43791836,0.740443922,81.90600752,11.17807148,0.728139326,86.76648161,10.8505635,0.715568475,91.02450368,10.60860056,0.689214919,101.5384331,10.80266174
NEWTON-Zone-2,48351,SSQ,0.784885131,56.11451276,11.49568343,0.764912207,66.60370178,11.4238541,0.751939433,73.64461393,11.30711677,0.735324769,81.44246003,11.0957556,0.722295855,85.8056713,10.83200066,0.709002563,89.57028465,10.63556907,0.682232044,99.98380585,10.84990711
NEWTON-Zone-3,48351,SSQ,0.785711326,58.02208067,11.86974037,0.761261508,67.22734195,11.42213793,0.746136501,73.67763866,11.17621824,0.727738106,81.20843391,10.92989881,0.713875628,85.72610762,10.74142242,0.699974222,89.89739954,10.62361045,0.672623907,102.0580875,10.86816572
NEWTON-Zone-4,48351,SSQ,0.7874962,59.78378576,12.16607298,0.760220799,68.715587,11.66115708,0.744008369,75.31482106,11.44789561,0.725079427,83.50297935,11.31358585,0.711321106,88.85025689,11.26024518,0.697697321,94.09665624,11.31160762,0.67109178,109.4539852,11.98992888
NEWTON-Zone-5,48351,SSQ,0.788408387,62.32343862,12.49685311,0.760532558,72.36860238,12.14636848,0.743650593,79.63689155,12.04173379,0.723669953,88.52442696,12.06602619,0.708784754,94.10580991,12.13572727,0.694252359,99.77115177,12.36377683,0.668418392,118.8156728,13.8186801
NOLAN-Zone-1,48353,SSQ,0.822412115,47.7560111,10.65194269,0.808388475,59.31790873,10.34553784,0.800881844,68.32281916,10.32681298,0.792818262,80.50656336,10.49419654,0.788135003,90.2369122,10.79614259,0.782546036,99.6792865,11.09167716,0.763889799,117.7763585,11.24436246
NUECES-Zone-1,48355,SSQ,0.831983568,69.99965887,13.97834682,0.798967352,79.23705818,12.98042457,0.781609353,87.13015699,12.57212063,0.763304297,98.01716437,12.26718383,0.750850161,105.9781861,12.06775765,0.739773753,114.6061973,12.09527505,0.722618317,140.7956959,13.32444843
OCHILTREE-Zone-1,48357,SSQ,0.824918199,41.47241008,9.504249371,0.826516376,56.63907314,9.808174435,0.826942368,68.06639963,9.956039292,0.82681916,83.0711638,10.09627486,0.826372833,94.21662417,10.16430699,0.825644405,105.5006131,10.2409265,0.823505349,133.2762982,10.50994696
OLDHAM-Zone-1,48359,SSQ,0.829404228,38.84866899,8.454073429,0.830540589,53.38668456,8.714255403,0.831127142,64.72273109,8.935605447,0.831735605,80.31306862,9.28240033,0.832132001,92.52191596,9.605336881,0.832610201,105.6479173,9.952703489,0.834053892,140.6069613,10.64485854
ORANGE-Zone-1,48361,SSQ,0.78823283,63.40420475,12.60074807,0.763024131,76.0150892,12.78917629,0.745336031,83.84978789,12.77744677,0.722477041,92.15732904,12.70954547,0.703610077,95.87822718,12.5106347,0.685137575,99.46330624,12.43395277,0.656337665,117.0839423,13.65598872
PALO PINTO-Zone-1,48363,SSQ,0.790138001,42.69111382,9.56861488,0.782941757,54.79908213,9.563051049,0.778237667,63.79433348,9.627572277,0.772078825,75.36503643,9.789173348,0.767586303,83.92743769,10.00004354,0.762285238,92.13542487,10.18902462,0.747065461,109.4458606,10.25309173
PANOLA-Zone-1,48365,SSQ,0.794075292,52.8273443,11.418545,0.780166699,64.56282234,11.40871576,0.771165437,73.14679173,11.44377982,0.759908163,84.02414305,11.54231614,0.750331319,91.10983705,11.53540913,0.742518184,99.20747753,11.79321645,0.738815484,129.7316865,14.11582494
PARKER-Zone-1,48367,SSQ,0.780192564,41.67557262,9.500042165,0.773457066,53.27053184,9.327718559,0.769758882,62.17514416,9.306162725,0.765668708,74.13351499,9.372871102,0.763299778,83.54087332,9.511394146,0.760280307,92.76292982,9.640066181,0.749637908,111.683903,9.657200668
PARMER-Zone-1,48369,SSQ,0.817291995,36.24013402,8.469742705,0.819650282,50.2227828,8.423515275,0.820764211,61.16127565,8.433895745,0.821801335,76.27212461,8.487688733,0.822198226,88.06439895,8.533272347,0.822861944,100.9094434,8.634520266,0.826175671,136.4663858,9.106833567
PECOS-Zone-1,48371,SSQ,0.85703875,43.84615453,9.855920452,0.848813153,57.90495398,9.567877047,0.842299638,67.42702733,9.319732455,0.832380374,78.09653884,8.932869805,0.823983945,84.62865962,8.583290438,0.814579858,89.88676868,8.230066958,0.792487619,99.66786679,7.57925247
PECOS-Zone-2,48371,SSQ,0.867266507,48.94527235,10.75494949,0.850738269,61.91074734,10.31793834,0.839423064,70.39492643,10.01975654,0.823816698,79.36148202,9.629804051,0.811239338,84.30396386,9.309840883,0.797478044,87.84927962,8.975488114,0.765588691,93.97581777,8.282811519
PECOS-Zone-3,48371,SSQ,0.86190576,51.01763489,11.12127417,0.844445551,64.37197351,10.78395352,0.832636558,73.27030904,10.56434195,0.816730541,83.04504401,10.29593937,0.804141196,88.77800141,10.08474116,0.790251427,93.16486914,9.859936214,0.757261017,101.0551609,9.359280023
POLK-Zone-1,48373,SSQ,0.803591551,60.74338413,12.27618202,0.785527543,73.88317961,11.98954932,0.774963669,83.79449086,11.8558567,0.762811414,96.77109062,11.74195789,0.753588661,105.8926162,11.60398634,0.745523524,115.7959519,11.64508076,0.735797701,146.9426848,12.82972003
POLK-Zone-2,48373,SSQ,0.805046213,61.28924996,12.35594298,0.782956077,74.1850363,12.19736475,0.769608752,83.65723768,12.11314101,0.753943915,95.7576238,12.03968585,0.741669075,103.7057339,11.89453882,0.730924135,112.5765853,11.9597634,0.719145806,144.5020193,13.54198159
POLK-Zone-3,48373,SSQ,0.805431524,62.12534358,12.33746671,0.778795939,74.23319584,12.206937,0.76210093,82.69630824,12.08750011,0.74215009,93.02773968,11.94044955,0.726345021,99.16363629,11.69959854,0.711975606,105.9151291,11.67065192,0.693779307,132.625499,13.23600423
POTTER-Zone-1,48375,SSQ,0.819559019,39.07050813,8.894757157,0.825172616,55.23337476,9.370542034,0.829418296,68.47190827,9.739079544,0.835678684,87.89008149,10.29282701,0.841079576,104.2693749,10.7738989,0.846966993,122.9705602,11.32538508,0.860030109,176.0796476,12.68429818
PRESIDIO-Zone-1,48377,SSQ,0.839330734,32.32850999,7.57507427,0.834179968,42.0516705,7.115772286,0.832060381,49.44919006,6.881968025,0.830515719,59.23794243,6.629768626,0.829604601,66.39534559,6.401258047,0.829805096,74.08305811,6.307245936,0.835456594,96.74938203,6.8674097
PRESIDIO-Zone-2,48377,SSQ,0.830738711,34.30776815,7.975962803,0.832402844,46.50057146,7.575060511,0.832257195,55.31168514,7.316449615,0.830682095,66.17774029,6.965078478,0.827988267,73.29432211,6.618942606,0.826341555,80.78796995,6.402679393,0.830247803,104.1780859,6.706958872
PRESIDIO-Zone-3,48377,SSQ,0.832146632,35.81075161,8.263347357,0.833807769,48.74625098,7.77000105,0.833215382,57.97503896,7.451792431,0.830594777,69.15006214,7.022348583,0.826927524,76.35470101,6.623896151,0.82398673,83.68543919,6.339500673,0.823924654,105.3432338,6.394023327
RAINS-Zone-1,48379,SSQ,0.784043573,48.88562792,10.72214806,0.777584233,61.39096407,11.10226204,0.774046872,70.84522708,11.37815837,0.770183192,83.28864104,11.77248739,0.768044101,92.76549998,12.11368162,0.765300604,102.0628969,12.47912658,0.754795715,121.9413269,13.23058762
RANDALL-Zone-1,48381,SSQ,0.825280236,42.12216489,9.556519181,0.822626496,55.58993167,9.592050529,0.822908562,66.72150229,9.694952804,0.825364351,83.11065156,9.91529769,0.829051259,97.40325083,10.15417873,0.832570973,112.8249641,10.40399778,0.835528837,148.5552485,10.82448585
REAGAN-Zone-1,48383,SSQ,0.851274521,50.92332784,11.76205601,0.834786882,63.25433994,11.09909414,0.824220362,71.78537553,10.70014845,0.810641519,81.70578804,10.219563,0.800094087,87.92554086,9.839179765,0.788961181,93.35476425,9.488990945,0.76448799,105.6430387,8.960161227
REAL-Zone-1,48385,SSQ,0.826627445,59.78353377,12.54351313,0.804624147,72.79834385,12.21327652,0.790669577,81.80684238,12.06618897,0.773237184,92.34909703,11.97287937,0.759801786,98.92980746,11.9068844,0.745985047,104.7578368,11.95272156,0.71768987,118.9578737,12.65424728
REAL-Zone-2,48385,SSQ,0.826041376,62.02546716,12.90738355,0.803276767,76.09087327,12.43741031,0.789521357,86.51883459,12.35850758,0.773221146,99.86643229,12.49400618,0.761497686,109.6221909,12.75477035,0.749177359,118.7977123,13.1361269,0.721399524,138.4895447,14.20559004
REAL-Zone-3,48385,SSQ,0.825364811,63.00832777,13.04496855,0.803084494,77.90358697,12.49751232,0.790310873,89.69837021,12.52872687,0.775921203,105.8541909,12.92737939,0.766393953,119.012472,13.53934599,0.756376495,132.1852014,14.32763699,0.732022214,159.6788383,16.05853635
RED RIVER-Zone-1,48387,SSQ,0.769228428,45.02941172,9.916672512,0.763166244,55.54680576,9.906029501,0.76017497,63.65682939,9.939042323,0.757459854,74.62518114,10.02956565,0.756276268,83.19051317,10.10799187,0.755011069,91.85438892,10.25305278,0.75047628,111.747191,10.84883189
REEVES-Zone-1,48389,SSQ,0.852849235,38.51684464,9.094662896,0.847338639,53.07123362,8.825590768,0.842498845,63.36005991,8.597864283,0.835010513,75.82467098,8.257044171,0.828334026,84.1594073,7.935778118,0.821348119,91.94055896,7.651940551,0.807640791,110.2072655,7.335684395
REFUGIO-Zone-1,48391,SSQ,0.831645513,75.79216889,14.855743,0.793976715,82.556104,13.87882586,0.774143366,88.73674267,13.40713585,0.753163467,97.19507732,12.94278027,0.739032145,103.1468789,12.56415856,0.726223126,109.379372,12.38085291,0.704490177,128.1248895,13.10161885
ROBERTS-Zone-1,48393,SSQ,0.821785931,41.51131399,9.548997506,0.829528438,59.10261615,10.09429914,0.833887876,72.98059351,10.36719275,0.838846626,92.29488825,10.63442794,0.842539165,107.7756556,10.79653852,0.845736433,124.1204254,10.92545886,0.849859218,164.2831921,11.10166867
ROBERTSON-Zone-1,48395,SSQ,0.812192777,57.00846443,11.90178153,0.795664807,69.11671869,11.93754974,0.785376744,77.84088787,11.96172513,0.772705527,88.57298592,11.99668734,0.763067802,95.72174498,11.98405145,0.753391236,102.6852482,12.04698346,0.73427264,121.3524332,12.703996
ROCKWALL-Zone-1,48397,SSQ,0.785160423,48.16675673,10.48467618,0.776221089,59.77423721,10.66157574,0.770913881,68.37882899,10.80010027,0.764573786,79.38918937,11.01433245,0.760271511,87.4080714,11.19702361,0.755410215,95.14863432,11.41558558,0.741481977,112.238712,11.98209845
RUNNELS-Zone-1,48399,SSQ,0.808000515,44.57227338,9.856344367,0.800217792,57.81573137,9.858532646,0.795709824,67.91319559,9.952706441,0.790407006,81.35692243,10.17477384,0.787210842,91.80940385,10.41665756,0.782866599,102.0452004,10.71236456,0.766334405,122.8448075,11.35708518
RUSK-Zone-1,48401,SSQ,0.793047557,51.20918117,11.04784461,0.783873792,64.82015881,11.27007213,0.778046038,75.16812966,11.4674275,0.770877965,88.96322694,11.77862012,0.764614779,98.79020748,11.95392201,0.760087863,110.1981612,12.3971665,0.762468275,151.2113618,15.07648036
SABINE-Zone-1,48403,SSQ,0.796411831,57.71059366,11.90116422,0.77366077,66.59218466,11.65769535,0.760924162,73.61827354,11.54827527,0.747032247,83.11215599,11.45420467,0.738171723,90.56213318,11.35203444,0.728873343,97.62856044,11.37180835,0.705318155,111.5317226,12.02385164
SAN AUGUSTINE-Zone-1,48405,SSQ,0.802503002,59.57443876,12.37637422,0.784905899,71.34846039,12.2205829,0.774136499,80.0269215,12.15734481,0.76127571,91.06611263,12.12518114,0.751632948,98.72074933,12.06121878,0.742310431,106.4470997,12.14541335,0.72553344,127.7287406,13.21074221
SAN JACINTO-Zone-1,48407,SSQ,0.802404142,58.51875889,12.00274719,0.782708843,72.96264765,12.10727204,0.770857057,83.81763191,12.24927607,0.75704708,98.12951711,12.51772125,0.746253699,108.1482281,12.67041997,0.736964166,119.4769491,13.11191103,0.728509608,159.4700149,15.94642438
SAN JACINTO-Zone-2,48407,SSQ,0.806357374,62.1253501,12.48005068,0.778810376,74.73524941,12.43417254,0.761827683,83.72608247,12.4390724,0.741791047,94.93761567,12.51935166,0.725787398,101.67802,12.46482096,0.711888649,109.6198017,12.74775615,0.699404068,144.6916446,15.88432957
SAN JACINTO-Zone-3,48407,SSQ,0.806581861,63.51501939,12.66769129,0.774982658,74.88130858,12.44624629,0.755423079,82.82009693,12.34151628,0.73238267,92.50780667,12.29927447,0.713640836,97.66861532,12.11120233,0.697932922,104.3939842,12.3450415,0.687875195,140.7290739,16.12129301
SAN PATRICIO-Zone-1,48409,SSQ,0.828659305,71.34180065,14.06389811,0.793930099,80.11183662,13.26222969,0.775670117,87.57216881,12.92735054,0.756346898,97.69804155,12.66895539,0.743184491,104.8377242,12.47088532,0.731380604,112.5824456,12.49396245,0.71282567,137.3810991,13.82757698
SAN SABA-Zone-1,48411,SSQ,0.813457342,48.47763073,10.56362114,0.803948431,62.35210481,10.62023792,0.798102718,72.9878311,10.7874673,0.791018412,87.26363287,11.14114365,0.785679687,98.02003879,11.47049661,0.780628407,109.6281799,11.98723799,0.77262711,143.046997,14.00022249
SCHLEICHER-Zone-1,48413,SSQ,0.831897268,49.86997606,10.76545588,0.814916298,60.6348774,10.42052814,0.804520596,68.29192775,10.19756239,0.791735633,77.50480707,9.912257615,0.78292781,83.99324859,9.652420371,0.772270203,89.09995937,9.451162374,0.740600059,95.35604952,9.273704818
SCURRY-Zone-1,48415,SSQ,0.825079903,45.79487472,10.11686564,0.819400807,61.42779457,10.46306718,0.816320903,73.41827165,10.73841398,0.812877946,89.54199794,11.15771288,0.810681287,101.8900498,11.52612096,0.808335741,114.8142948,11.95910651,0.802119068,147.9639597,13.07013346
SHACKELFORD-Zone-1,48417,SSQ,0.798830239,42.60415977,9.736858187,0.794193551,56.03681537,10.04838247,0.790610011,66.01446956,10.24945443,0.785428683,78.91618724,10.51422162,0.78124732,88.36674725,10.71602949,0.776354822,97.70530049,10.95395073,0.763605663,119.7479385,11.62219562
SHELBY-Zone-1,48419,SSQ,0.79888227,56.94352198,12.05745836,0.783541986,69.075397,11.97911162,0.773845636,77.98558343,11.97160293,0.761964092,89.31925802,12.01604518,0.752123049,96.79502584,11.95922622,0.743967326,105.1996006,12.17666823,0.738385907,135.3784559,14.40503634
SHERMAN-Zone-1,48421,SSQ,0.81816145,35.67227748,8.334776155,0.82919793,52.58079367,8.93480715,0.835861668,66.43019119,9.344929333,0.844118872,86.66161671,9.90659026,0.850416044,103.6879934,10.36488608,0.856917001,122.8996567,10.87714325,0.870909155,175.909694,12.11778509
SMITH-Zone-1,48423,SSQ,0.790596104,49.65182026,10.84355914,0.784591875,63.84996012,11.20949614,0.780753754,74.64601848,11.46806473,0.775934479,89.02514206,11.82296812,0.772213332,99.7900444,12.08111273,0.7685442,111.1227582,12.44114984,0.761940541,141.8796563,13.77807389
SOMERVELL-Zone-1,48425,SSQ,0.798355717,47.79348546,10.75005919,0.789964783,60.98016597,10.87402017,0.785199042,70.86640761,10.97194543,0.779705375,83.74569785,11.12352136,0.775964697,93.24500754,11.23191224,0.771987739,102.73291,11.40331587,0.762118915,125.6224947,12.09691277
STARR-Zone-1,48427,SSQ,0.8466185,63.66056458,13.06067623,0.833186127,83.11793331,13.06089692,0.826388989,98.82807925,13.202546,0.819513812,121.1140106,13.50264645,0.81454361,138.7330269,13.69723489,0.811369816,159.1658439,14.21021517,0.813965241,224.3426079,17.03840023
STEPHENS-Zone-1,48429,SSQ,0.796702947,42.59137492,9.613017752,0.792788742,56.23314511,9.934944247,0.789693224,66.3405228,10.1530919,0.78507387,79.32903437,10.45402297,0.781406351,88.79829187,10.71871362,0.776884136,98.08694351,10.9784417,0.76348953,119.3813865,11.36844044
STERLING-Zone-1,48431,SSQ,0.833946847,47.7440294,11.03166587,0.82092831,60.5437912,10.69182681,0.813245033,69.99800953,10.52596806,0.80404355,82.05447902,10.3675701,0.797362078,90.69495573,10.27141168,0.79035383,99.076467,10.19162973,0.774322085,118.7014714,10.06883693
STONEWALL-Zone-1,48433,SSQ,0.818749199,45.06751892,9.739152671,0.811421638,59.15298306,9.843373806,0.807317436,69.9619001,9.986551741,0.802669095,84.50259871,10.25440814,0.799671561,95.84549784,10.54899638,0.796308419,107.2451917,10.83421571,0.786653742,132.5863711,11.14825091
SUTTON-Zone-1,48435,SSQ,0.838348782,52.40327449,11.05931703,0.815361501,61.49564649,10.60208653,0.802325909,68.25381023,10.32185931,0.787494125,76.70912393,9.97454816,0.778231686,83.13739882,9.672126676,0.766767593,88.01055885,9.430521113,0.729902884,91.68742877,9.094444645
SUTTON-Zone-2,48435,SSQ,0.832943863,53.09173851,11.11280627,0.810700247,62.39320417,10.87895717,0.798247058,69.36212851,10.7398812,0.784265013,78.17504146,10.56799264,0.775504513,84.82417807,10.39561574,0.765079357,90.21839597,10.29008129,0.732752615,96.38311061,10.30539157
SUTTON-Zone-3,48435,SSQ,0.836826473,54.58948871,11.47482417,0.816263942,66.02336219,11.28063849,0.803981949,74.20486288,11.16990699,0.789207404,84.08875648,11.04332941,0.778769075,90.83869944,10.91030323,0.767103659,96.55836756,10.85383575,0.736434826,106.6015019,11.13348896
SWISHER-Zone-1,48437,SSQ,0.821481774,39.5593048,9.142101484,0.817618423,52.72242316,9.185907907,0.818033406,63.95791838,9.242705288,0.821380556,81.00421986,9.350420704,0.826491774,96.50506042,9.444218565,0.831069144,113.3994479,9.56483496,0.833132508,151.2765709,9.911492438
TARRANT-Zone-1,48439,SSQ,0.78424212,44.1285544,10.02004035,0.779256769,57.08702432,10.23769004,0.775919986,66.72279736,10.34321043,0.771493965,79.18107064,10.44205438,0.76783222,88.15584828,10.46005252,0.764269764,97.29100175,10.53780628,0.758260607,121.1438271,11.11411258
TAYLOR-Zone-1,48441,SSQ,0.811666581,46.23157384,10.15455652,0.804978723,60.01669702,10.24030269,0.799991704,70.05274663,10.32965363,0.792896796,82.66607685,10.49384523,0.787299642,91.68575594,10.66470259,0.780633277,100.1214044,10.83861576,0.762298247,117.7624417,11.09347694
TERRELL-Zone-1,48443,SSQ,0.857216707,49.42846823,10.76066002,0.843240195,65.09936017,10.69726275,0.833781641,76.16635745,10.69354274,0.821249937,89.57874894,10.74568626,0.811398574,98.53722581,10.81978597,0.800566008,106.800166,10.90772874,0.775211908,125.9446073,11.08798726
TERRELL-Zone-2,48443,SSQ,0.854094051,49.21367355,10.78606192,0.839782139,65.23847158,10.56381423,0.830130711,76.79232907,10.56257795,0.817526605,91.20615861,10.71005216,0.807438074,101.0320391,10.91928557,0.797039111,110.8909205,11.1995805,0.77682112,138.4323609,11.95864122
TERRELL-Zone-3,48443,SSQ,0.845888198,49.70623732,11.29033878,0.831927395,66.64794141,11.10074944,0.822159878,79.09975221,11.13076052,0.809580522,95.20064718,11.31665723,0.799136327,106.4599653,11.51065302,0.789179544,118.6142562,11.88099954,0.7753738,157.6753954,13.57974365
TERRY-Zone-1,48445,SSQ,0.811674435,37.3921751,9.11372291,0.815874763,54.79343682,9.219424593,0.817891085,68.44452227,9.29216636,0.819886567,87.35337534,9.390922299,0.821015837,102.2259392,9.463819538,0.822257105,118.3286608,9.559307835,0.825996357,161.8681699,9.865142912
THROCKMORTON-Zone-1,48447,SSQ,0.800136433,42.08348973,9.685666668,0.794273559,55.08656294,9.841975372,0.790201486,64.7856815,9.954212097,0.784691534,77.38867764,10.1133459,0.780648306,86.83482847,10.27556192,0.775558333,95.90645097,10.3992157,0.759876588,114.7964288,10.35414675
TITUS-Zone-1,48449,SSQ,0.780882127,48.02476451,10.3984533,0.771568933,58.24287482,10.34304184,0.766007664,65.82140401,10.30817209,0.759427255,75.51822108,10.26380329,0.754675661,82.49013522,10.19203204,0.749996837,89.3386922,10.19169904,0.74045596,105.8004146,10.61211712
TOM GREEN-Zone-1,48451,SSQ,0.826077478,47.49256622,10.59190615,0.813489488,59.79704891,10.25342039,0.804702051,68.35925952,10.0486594,0.792762331,78.45627354,9.805908403,0.783474882,85.1471111,9.605947239,0.772741766,90.70144395,9.436388863,0.744815579,100.3100955,9.216334575
TRAVIS-Zone-1,48453,SSQ,0.819430007,58.30889602,12.39655893,0.808353657,77.28684551,12.83165564,0.80302107,93.07556184,13.3382451,0.798038324,116.2280616,14.18110025,0.795624133,135.9785482,14.96546568,0.793458231,158.6533851,16.01202256,0.788104854,222.8080249,19.25140075
TRINITY-Zone-1,48455,SSQ,0.799226046,56.96325281,11.88808953,0.788647384,72.82599149,11.87667801,0.783049376,85.41648393,11.98985215,0.777194993,102.9876042,12.25106267,0.773025422,116.6828239,12.44652315,0.770028264,132.1789649,12.88612497,0.770016992,179.8511935,15.15450441
TYLER-Zone-1,48457,SSQ,0.799029831,60.45927512,12.02269978,0.778659983,72.54180496,11.83013585,0.765399467,80.79185236,11.59491039,0.748768079,90.40684076,11.19914635,0.735639649,96.14523983,10.77527219,0.72275123,101.5874857,10.40535984,0.699789915,117.8870768,10.21306498
UPSHUR-Zone-1,48459,SSQ,0.792957833,50.79598116,10.96454251,0.780887201,61.70548463,11.04812457,0.773556073,69.79026143,11.09142498,0.764781538,80.14777414,11.13265242,0.758483849,87.59345782,11.1154856,0.751931015,94.89822569,11.16772059,0.736855331,112.4563671,11.73285435
UPTON-Zone-1,48461,SSQ,0.869836717,54.15968279,11.88165981,0.847285262,64.83559994,10.95490779,0.833562382,72.0440197,10.41669796,0.816393283,79.87218817,9.778936871,0.803373246,84.31883502,9.28845581,0.789755777,87.67809055,8.831045064,0.759738317,94.22908648,8.069554735
UVALDE-Zone-1,48463,SSQ,0.840606782,65.27287934,13.02651551,0.826298837,86.03064261,13.47619952,0.816111815,101.0649756,13.82179432,0.802966073,120.3074725,14.35536541,0.792492284,134.055524,14.75807287,0.781730376,147.8295321,15.42627718,0.761691704,184.6027217,18.30440275
VAL VERDE-Zone-1,48465,SSQ,0.839622476,53.47214758,11.86912265,0.823424284,69.714529,11.73177174,0.813049358,81.74049265,11.72365829,0.800335012,97.38487536,11.79357614,0.790470458,108.5770063,11.84079101,0.780596862,120.2153184,12.04001086,0.762691396,153.4533288,13.33221934
VAL VERDE-Zone-2,48465,SSQ,0.843357416,54.21618508,12.17072902,0.833069486,74.93643234,12.35882591,0.824949617,90.56389295,12.54928644,0.814310343,111.6031126,12.85595196,0.805137686,127.1526582,13.03775613,0.796522586,144.3547891,13.48996326,0.786436599,199.2441439,16.09996885
VAL VERDE-Zone-3,48465,SSQ,0.846016164,58.63769319,12.99044697,0.836589082,82.07714735,13.06671194,0.830697213,101.2001603,13.32802936,0.823894253,128.8063613,13.80335414,0.819101365,151.9974515,14.1552698,0.814158185,177.8034084,14.89780716,0.804978339,248.5063497,18.47490524
VAN ZANDT-Zone-1,48467,SSQ,0.786749775,49.12795904,10.65941656,0.781580575,63.13650517,11.16017015,0.778919308,74.03511191,11.55606861,0.776254447,88.96098201,12.15159227,0.77511287,100.8435267,12.68552515,0.77348291,113.1684421,13.2918076,0.765504884,141.8382687,14.6752921
VICTORIA-Zone-1,48469,SSQ,0.826134033,71.14055353,14.19122802,0.783851125,74.95633955,12.73900061,0.761790006,79.22898257,12.07433063,0.738472793,85.20936185,11.46644699,0.722723809,89.27438693,11.03171217,0.70847659,93.52377267,10.82313029,0.684278083,106.934496,11.53015969
WALKER-Zone-1,48471,SSQ,0.799819907,55.7463128,11.76821368,0.78689811,70.53879025,11.82301703,0.779249972,81.82282311,11.95299062,0.770318739,96.8837049,12.22337975,0.763658615,108.112583,12.44687178,0.757527533,120.0599327,12.85007354,0.748311758,153.6699077,14.63297858
WALKER-Zone-2,48471,SSQ,0.802329438,57.06022092,11.82076242,0.785142867,71.17584153,11.93676631,0.774307498,81.52343512,12.06002269,0.761106336,94.75737224,12.28602916,0.750575292,103.7754436,12.40462051,0.741041909,113.496125,12.76778319,0.729381066,145.4018908,15.10669394
WALKER-Zone-3,48471,SSQ,0.806708734,59.65335967,12.17761048,0.784917167,73.3144004,12.30414259,0.770848774,83.01346027,12.41363881,0.753641052,95.06641226,12.61658091,0.739687025,102.6579427,12.68574825,0.727167146,111.0643112,13.04845752,0.71346132,143.1822879,15.90146494
WALLER-Zone-1,48473,SSQ,0.81264333,62.85500553,12.65456495,0.776932103,70.60439434,12.10020591,0.753755352,75.60110452,11.77420962,0.725776776,81.17268216,11.47134172,0.701568729,82.48880358,10.95513334,0.682917349,86.23315643,11.100131,0.683415425,123.5720711,16.89177482
WARD-Zone-1,48475,SSQ,0.86468686,44.42364923,10.06011925,0.85410178,59.09122033,9.734475486,0.846596131,69.1909536,9.518003213,0.835960856,80.85108321,9.236058024,0.827273544,88.23239529,8.999379036,0.817643875,94.4886082,8.769748332,0.795051702,107.0841183,8.372621836
WASHINGTON-Zone-1,48477,SSQ,0.817670251,61.72322417,12.72925889,0.783761811,69.14870016,12.12766912,0.760300153,73.21808538,11.62229121,0.730651728,76.87594204,10.96385878,0.705373816,76.86752651,10.18454601,0.68321505,77.86596029,9.79686592,0.662260634,95.14820484,12.10983729
WEBB-Zone-1,48479,SSQ,0.847346041,65.17930943,13.08538127,0.842592862,90.63605131,13.75232466,0.839140577,110.1407674,14.15837012,0.834474399,136.4610813,14.65844745,0.829686651,155.5947771,14.9264929,0.826669061,177.7845702,15.45424228,0.832726267,256.2136282,18.26895675
WHARTON-Zone-1,48481,SSQ,0.817744569,68.63660144,13.61932608,0.78088157,75.59557918,12.81433781,0.759399971,80.85867022,12.39515632,0.734740136,87.20624376,11.98678514,0.715096842,89.98065058,11.5151874,0.699355585,94.32112568,11.48251624,0.689956071,121.4268578,14.40710326
WHEELER-Zone-1,48483,SSQ,0.823129683,45.96087257,10.55950066,0.829623563,64.74151582,11.29425412,0.833746763,79.9255546,11.73588259,0.838925256,101.7076503,12.26383499,0.843200039,119.872917,12.65324531,0.847011493,139.5505534,13.04385248,0.851550881,188.2945649,13.84340665
WICHITA-Zone-1,48485,SSQ,0.796693299,42.68834807,9.602714133,0.799788239,58.40391353,10.5369059,0.802011174,71.17536016,11.20812588,0.805038973,89.60411913,12.13193126,0.807375542,104.7832952,12.91415715,0.810483573,122.2694256,13.78551998,0.820656584,174.6123463,15.80454272
WILBARGER-Zone-1,48487,SSQ,0.797449406,41.76273845,9.442387296,0.797791936,56.21020932,9.912183848,0.798603876,67.86233284,10.35748166,0.80026338,84.55266496,11.09463516,0.802206459,98.50457215,11.85825222,0.804410431,113.9490996,12.64245319,0.808461983,154.2539077,13.78063751
WILLACY-Zone-1,48489,SSQ,0.83067871,64.72901325,12.68879358,0.811270724,80.91701488,12.69406085,0.799516219,92.43106751,12.63142262,0.785195335,106.4068795,12.48380976,0.774134459,115.4019049,12.21281237,0.763463671,124.395004,12.14564749,0.745467088,151.5713564,13.46583518
WILLIAMSON-Lake Creek,48491,SSQ,0.816474459,56.75704691,11.92758939,0.807356678,75.68642578,12.66239852,0.804548345,92.34913383,13.38809088,0.803768047,118.1501728,14.51805135,0.805640787,141.9250843,15.53978956,0.807678969,169.9060414,16.85468142,0.807292796,245.0597425,20.66610542
WILLIAMSON-Brushy Creek,48491,SSQ,0.819938163,58.09566155,12.09915536,0.806712252,74.5023554,12.4781868,0.799549216,87.56999766,12.84493764,0.791901731,105.8665034,13.42833106,0.787140496,120.5981227,13.90950902,0.782360304,136.6644431,14.62249935,0.771421215,180.147601,17.32996498
WILLIAMSON-San Gabriel River,48491,SSQ,0.811901652,54.28394052,11.42574933,0.804634891,72.49061277,12.07606149,0.801610689,87.60838103,12.70183718,0.799402067,109.8397377,13.70375771,0.799102509,128.9277718,14.61081271,0.79919868,150.9467843,15.81997432,0.799093331,213.8342036,19.67219173
WILLIAMSON-Salado Creek,48491,SSQ,0.809040236,52.89010349,11.16382302,0.803837499,71.41456287,11.82589628,0.801743491,86.6483071,12.46735418,0.800354373,108.8825493,13.5154537,0.800273905,127.6477621,14.48053557,0.800997455,149.6446274,15.77229589,0.805273897,217.0365587,19.93383716
WILSON-Zone-1,48493,SSQ,0.838479267,64.66658778,12.77750822,0.814670722,77.67715859,12.7889476,0.799497782,86.67703937,12.71975581,0.78099607,97.46523013,12.58305438,0.767033735,104.3787039,12.33414251,0.752588693,110.5874833,12.24977227,0.722645124,126.1336001,13.25040417
WINKLER-Zone-1,48495,SSQ,0.85926318,43.64704968,9.905729499,0.845843647,57.32486411,9.377558626,0.837282812,66.99724776,9.083118488,0.826167665,78.65520361,8.746424306,0.817077957,86.22911587,8.470492746,0.808167067,93.44830502,8.253985835,0.79256113,112.1875825,8.138563833
WISE-Zone-1,48497,SSQ,0.78887503,44.5053692,10.0307361,0.779496671,55.80496765,9.858330543,0.773438656,64.02237194,9.78285504,0.765598338,74.27666375,9.731073866,0.759537424,81.44962105,9.714099918,0.753142859,88.26156691,9.715786292,0.738895957,103.8990756,9.769483931
WOOD-Zone-1,48499,SSQ,0.790514814,50.25931015,10.96854198,0.782942215,62.53371941,11.17324264,0.778427698,71.6434252,11.3153289,0.773014157,83.32656132,11.51237117,0.769287727,91.85121492,11.66326291,0.765147935,100.105955,11.8482205,0.753895379,118.614038,12.39735308
YOAKUM-Zone-1,48501,SSQ,0.816132433,38.41989093,9.45850972,0.815207419,54.2282299,9.235516991,0.813295855,65.75762049,9.052524281,0.809537511,80.28864817,8.774730313,0.80564535,90.41379307,8.507908771,0.801776474,100.5030449,8.281438124,0.795875725,126.5264358,8.098271232
YOUNG-Zone-1,48503,SSQ,0.79344412,41.23272194,9.448128057,0.789255216,54.07194788,9.641197365,0.785832818,63.58188667,9.778008852,0.780709002,75.82656449,9.974063961,0.776636269,84.87776403,10.17785834,0.77152075,93.53269084,10.32496137,0.756401168,111.759282,10.21056941
ZAPATA-Zone-1,48505,SSQ,0.847346767,63.93663211,13.46914058,0.841664141,88.16956108,13.78531161,0.83748013,106.7247625,14.00360593,0.831859661,131.7909475,14.29721282,0.826557161,150.3085637,14.45067334,0.822440521,171.1605506,14.80788913,0.822740695,238.6347449,16.79370584
ZAVALA-Zone-1,48507,SSQ,0.858088433,70.44924126,13.35943579,0.848782172,95.78847687,14.31520585,0.842007628,114.6068046,14.95347822,0.832971934,139.1874116,15.82575902,0.825267803,156.7632745,16.4497236,0.818180504,175.929839,17.40524474,0.810869745,238.2383697,21.54094656
